,text,types,keywords
0,มันแปลกหรอ ถ้าสมมติเราอยู่กับเพื่อนคนนี้แล้วเราไม่สบายใจ เราก็แค่ถอยมาอยู่ในโลกของเราที่เราอยู่ด้วยตัวเองแล้วมีความสุขกว่าก็ดีแล้วไหม มันไม่จำเป็นต้องแคร์คนทั้งโลกป่ะ เหนื่อย,where,"friend,retreat,world,ourselves,world"
1,วิ่งหนีเหนื่อยมั้ย วิ่งตามเหนื่อยมาก,,"Run,Ran"
2,เคยเจอพี่สิงที่มอมั้ยย สิงโต,,lion
3,ใครไปเจาะเลือดมั่งงงง,who,blood
4,วิ่งหนีเหนื่อยมั้ยวิ่งตามเหนื่อยมาก,,
5,ไหนบอกเราว่าเราเป็นความสุขของคุณไงแล้วตอนนี้คุณหายไปไหนแล้วล่ะ,where,happiness
6,เจ้าแอพนี้มันเล่นยังไงนะ ,how,"app,play"
7,4 คนตอนนี้เต็มยังค่ะ,,people
8,อีกนานไหม กว่าใจจะลืม,yes_no,heart
9,เรามันก็แค่คนในไลน์จะไปสู้คนข้างกายเธอได้ยังไง ,,"people,line,people,body"
10,คนคนหนึ่งจะจมปรักกับเรื่องเก่าๆได้นานแค่ไหน,"how,yes_no","person,sink,love,things"
11,นอกจากชื่อฉัน มีสิ่งอื่นอีกไหมที่เธอยังใส่ใจและพอจำมันได้อยู่httpsyoutubepMSYc52OOns,when,"name,anything"
12,ทำดีมาตลอด แต่พลาดทำผิดครั้งเดียวจะกลายเป็นคนเลวเลยหรอ,yes_no,"time,person"
13,รถรับส่งจุดเมกะบางนา คืนนี้ 241 ถึงเวลาเท่าไหร่ และพรุ่งนี้เช้า 251 เริ่มเวลาเท่าไหร่คะ,how,"Mega,Bangna,bus,tonight,time,tomorrow,morning,time"
14,ฟังเราก่อนได้มั้ย ขอร้องล่ะ,yes_no,
15,แสงฉาวป่ะะ,,light
16,จะไม่คิดถึงกันหน่อยหรอ ,yes_no,
17,สนามกีฬาแห่งชาติเริ่มถวายรึยังคะ,,"National,Stadium"
18,เจ้าดอกไม้ตอนนี้เธอไปอยู่ไหน,where,flowers
19,เจ้าดอกไม้ตอนนี้เธอไปอยู่ไหน,where,flowers
20,ทำไมการที่จะมีใครซักคนคุนด้วยแล้วรู้สึกว่ามันคลิ๊กกัน คือยากจังอะ,"why,who",someone
21,เจ้าดอกไม้ตอนนี้เธอไปอยู่ไหน   ,where,flowers
22,กลับไปเกษตรฝนจะตกไหมนะ,,agriculture
23,กินข้าวคนเดียวเหงาเปล่า เรากินเป็นเพื่อนได้นะ 5555,yes_no,friends
24,เจ้าดอกไม้ตอนนี้เธอไปอยู่ไหนSingazon,where,"flowers,Singazon"
25,เทคนิคบนชุด คล้ายจะเป็นพรมเช็ดเท้ามั้ย 555555555555 จ้องรอติดตามน้าจะออกมาเป็นยังไงง,,"technique,set,doormat,hahahahahahahahahaha"
26,รับน้องจุฬา เป็นไงบ้าง รีวิวหน่อยยยย ,how,"Chula,Review"
27,มีใครอยากไปนั่งชิวๆรู๊ปท็อปไหมมม,who,laptop
28,ไม่รู้จะทานไรเลย อยากให้แนะนำร้านอาหารแถวยูที่ทุกคนชอบหน่อยอ่ะครับ อย่างเราชอบร้านข้าวยำไก่ย่างหน้าทวินงี้,"what,yes_no","restaurant,everyone,likes,chicken,front,Twin,Nee"
29,คนเราจำเป็นต้องเหนื่อยขนาดนี้เลยเหรอ,,
30,พี่กายตกลงชอบเพศไหนอ่อคนับ,,"Brother,gender"
31,สวนลุมพินี เป็นไงบ้างคะใครอยู่แถวนั้นบ้าง,"how,who","Lumpini,Park"
32,ทำไมน่ารักจังแอพนี้,why,app
33,จิตอาสาดอกไม้จันทร์อำเภอเมืองย้ายไปที่ไหนคะ,where,"Volunteer,Flower,Flower,Muang,District,Where"
34,ลูกเกดทำมาจากอะไร จริงๆแล้วคือลูกองุ่นแห้งชนิดหนึ่ง raisin พันธุ์องุ่นที่ปลูกเพื่อใช้ผลทำองุ่นแห้งหรือลูกเกดRaisains secs โดยทั่วไปลักษณะผลมีขนาดเล็ก ไม่มีเมล็ด รสหวาน mamuangscoolfact ใครเพิ่งรู้ขอกอดหน่อย,"who,what","raisin,fact,kind,grapes,raisin,grape,varieties,grapes,raisins,secs"
35,ใครอ่านวิธีเลี้ยงหนูเล็กบ้าง ไม่ไหวแล้วแง,"how,who,yes_no",rat
36,มีใครกินข้าวคนเดียวบ่อยๆจนชินแล้วบ้าง55555555555,who,
37,ทำไมเวลาโนบิตะจะวาร์ปไปหาชิซุกะทีไรต้องเป็นเวลาที่ชิซุกะอาบน้ำตลอดด้วย,"why,yes_no","warp,Shizuka,time,Shizuka,bath"
38,ใครมีไอเดียทำให้ยอมอ่านวิชาที่ไม่ชอบบ้าง เฮียไม่ชอบวิชานึง หาเรื่องอู้ไม่ยอมอ่านตลอด แต่จะอ่านไม่ทันแล้ว วอนผู้รู้ช่วยแถลงไข,"who,what,yes_no","ideas,subjects,subject,Won,author"
39,หนาวนี้น้องเรนโบว์อยากรู้ เพื่อน ๆ มีกิจกรรมอะไรท้าหนาวบ้าง ,what,"winter,Rainbow,Boy,friends,season"
40,อยากลองเต๊าะๆคุยๆทาง story ในไอจีคิดว่าเวิร์คม้ะ,,"story,IJ,Think,work"
41,น้องตัวนี้ที่ย่างเนยชื่ออะไรมีใครรู้บ้าง น่ารักมาก แพ้ ฮืออแแอ,who,"brother,butter,name"
42,ไม่มี ไม่มีอะไรเลย ที่เธอต้องการ ลืมความรู้สึกว่ารู้สึกกับใครแบบนี้มานานจนวันนี้ที่ได้มาเจอกันอีกครั้ง ไม่รู้ต้องทำหน้ายังไง ต้องยิ้ม ต้องมองผ่าน ถ้าต้อง con กัน ยังไม่รู้จะเริ่มต้นยังไง ต้องใส่แว่น ปิดแมส ต้องแลกเวร ต้อง อะไรอีก ไม่รู้ ทำตัวไม่ถูก ,how,"nothing,feeling,someone,feels,time,today,face"
43,จะมีไหมสักนาทีที่เธอจะ คถ กัน ,yes_no,minute
44,ในชีวิตนี้ต้องตัดคนออกไปจากชีวิต อีกกี่คนกัน และทุกๆครั้งมันใช้เวลานาน กว่าจะหายเจ็บ ,how,"life,people,lives,time,time,Than"
45,หิววววววว กินไรดี,,
46,อยากกินชาบูใต้หอซิตี้ ใครกินแล้วบ้างงงอร่อยม้ายยน,"who,yes_no","City,Tower,Who"
47,วัดอุดม วัดบุญประดิษฐ์ คนเยอะมั๊ยคะตอนนี้,,"Udom,Temple,Wat,Bunpradit,Many,people"
48,ทำไมคนคนหนึ่งถึงใจร้ายกับเราได้ขนาดนี้ว่ะ,why,person
49,ขอถามหน่อยงับ เวลาโพสต์เป็น anonymous ถ้ากดไปดูตรงโปรไฟล์มันก็รู้อยู่ดีช้ะมะว่าเราโพสต์ ฮือ แล้วเป็นเหมือนกันกับเม้นมั้ย เพิ่งหัดเล่นเลยงง,"when,yes_no","Please,ask,profile,Just,play"
50,ไม่ได้อยู่มธแต่โพสในนี้ก็ได้ใช่มะ555,,"Ca,post,post"
51,วันนี้สนามหลวงปิดถนนมั้ยคะ,,"Today,Sanam,Luang,road"
52,ช่วงนี้ในธรรมศาสตร์มีอะไรน่าทำข่าวบ้างครับ,,"period,Thammasat,something,news"
53,จากท่าเรือวังหวังมาท่าช้างยังยังมีเรือข้ามอยู่มั้ยคะ,,"Wang,Wang,Ma,Pier,Tha,Chang,boat,crossing"
54,บาร์ใหม่กินอะไรดี,what,bar
55,อันนี้คือต้องเอาเงินไปฝากเลยเหรอคะ ฝากอย่างต่ำ2บาทเหรอคะ,,"money,Deposit,baht"
56,เอาไว้รองแก้วปะ 555,,"coaster,patch"
57,ใครเคยไปYELO houseมั่ง,who,"YELO,house"
58,ใครแดก,who,
59,สับสนนนโว้ยยยย จะเอาไงกับเรากันแน่อ่ะ อย่ากั๊กดิวะ,"how,yes_no",
60,แล้วแอฟนี้เล่นยังไงกันคะ เพื่อนบอกให้โหลดมา แล้วมันก็ไม่บอกไร้ลยอ่า,how,"AFL,Friend"
61,อยู่ตรงพระเมรุมาศในสนามกวงเห็นริ้วขบวนไหมค่ะช,,"Merumas,Kuang,field,procession"
62,วัดออเงินบรรยากาศเป็นอย่างไรบ้าง,what,"money,temple"
63,แก้ผ้ายังไงให้ได้ดาวเพิ่มเป็นพัน พี่หมีบอกที,how,"fabric,stars"
64,เราจะวางใจท้องฟ้าวันนี้ได้หรือไม่ ,yes_no,"sky,today"
65,เมื่อไหร่ทามะจิเพิ่มสีมอเน้ฮือออออ ,when,"Tamaji,Mone,color"
66,ไม่รู้ว่าที่คุณทำแบบนี้กับเรา คุณทำกับใครไปกี่คน หน่วงสัส,how,"How,people"
67,ว่างๆมาคอลไลน์กันไหมคะ,,line
68,ใครโสดตั้งแต่เกิดเหมือนเรามั่งง55555555555,who,birth
69,ใครเหนื่อย อยากมีใครสักคนกอด,who,"someone,hug"
70,มีใครโสดมานานจนชินกับการอยู่คนเดียวบ้างคะ,,"Has,anyone,time"
71,เราบอกคิดถึงคุณผ่านในนี้ได้ใช่มั้ย ,yes_no,
72,ชาเขียวร้านไหนอร่อยที่สุด แนะนำหน่อย,which,"tea,shop"
73,set always anonymous ไม่ได้หรอ,,Ca
74,เมื่อไหร่มบูรจะเปิดน้า5555555,"when,yes_no",Buriram
75,แฟนบอกว่าอยู่บ้าน แต่จริงๆอยู่บ้านเพื่อน เพื่อนจริงๆพอโทรคุยกันเลยให้เปิดกล้อง เค้าก็เปิดแค่หน้านั่นล่ะละหาว่าเราไม่ยอมเชื่อใจจริงๆถ้าบอกตรงๆว่าไปบ้านเพื่อนก็ไม่โกดนะ เราก็ไม่ขี้เกียจถามเยอะละอ่ะ แต่เจอแบบนี้เเย่กว่าอีกอ่ะทำไมถึงต้องโกหกกันด้วย,yes_no,"girlfriend,home,friend,house,Friends,page,friend,house,lot"
76,ชาไข่มุกที่ไหนอร่อยย,where,"Pearl,Tea"
77,วางของไว้ละเอาโต๊ะกูไปได้หรอ55 ยังดีที่น่ารัก5555,yes_no,"product,table"
78,วันนี้วันแม่ ไปไหว้แม่กับเราไหมครับ,,"Today,Mother,Day,homage"
79,ไม่ชอบอย่ามาดูสตอรี่ได้มั้ยห้ะ,,match
80,ธรรมศาสตร์เรานั้น น่าอยู่เพียงใด,how,"Thammasat,University,How"
81,เขาจะดีกับทุกคนแบบนี้รึเปล่านะ,yes_no,everyone
82,ร้านแถวๆ เชียงนรากนี่เขาเปิดกี่โมงหยออ,what,"time,shop,Chiang,Roi"
83,เหมือนเดิมนี่คือแบบไหนนะ ,what,kind
84,ยังมีคนยุมไหมอ่ะ,,"Are,people"
85,อยากรู้ ความสุขจากความรักที่เกิดขึ้น มันคุ้มค่ากับความเจ็บปวดที่ได้รับเมื่อต้องจากลาจริงหรือ,when,"Want,happiness,love,pain,donkey"
86,หยักหาคนหาร Netflix อ่า มีใครสนใจมุ้ย,,"Wavy,people,Netflix,Ah,anyone,Mui"
87,วันนี้มีวัดไหนวางดอกไม้จันบ้าง,,"Today,temples,flowers,Chan"
88,ขอเล่นมุกได้ไหม ในฐานะคนกินชานมอย่างเดียวก็ได้,yes_no,person
89,ว่าแต่ห้องน้ำที่ใกล้สนามโซน A ที่สุดนี่อยู่ตรงไหนงะปวดฉี่ ,where,"bathroom,zone"
90,คนคนนึงต้องเข้มแข็งขนาดใหนกัน,yes_no,"person,size"
91,ถ้าเราสำคัญ เค้าจะไม่ปล่อยให้เรารอใช่ป้ะว้ะ งั้นแสดงว่ากุไม่สำคัญล้ะ 55555,yes_no,So
92,เลิกทำให้ผมรู้สึกแพ้คนในใจคุณได้มั้ย,yes_no,heart
93,จริงหรือป่าว ว่าถ้าเรารักใครเราจะไม่ปล่อยเขาไปง่ายๆแน่นอน,yes_no,someone
94,ทำไมต้องตีตัวออกห่างด้วย ,why,
95,รักเขามากไหมอ่ะ เราก็รักคุณพอๆที่คุณรักเขานั้นเเหละ ส ,,"Love,lot"
96,สวัสดีค่ะ หนูชื่อบราวนี่ เป็นลูกสาวตัวเดียวของแม่แอน หนูสวยและเซ็กซี่มาก ทุกคนเห็นด้วยใช่มั้ยคะ โพสท่าแล้วจิกกล้อง,,"Hello,name,Brownie,daughter,Mae,Ann,Everyone,camera"
97,อยากรักตัวเองให้มากกว่านี้ รู้สึกว่าจะแคร์ทุกคนบนโลกมากกว่าแคร์ความรู้สึกตัวเองอีก ควรทำไงดีคะ ,"what,yes_no","Want,everyone,earth,feelings"
98,รักน้องตั้งแต่ยังไม่เห็นหน้า  ไหนใครเพิ่งเป็นพี่ปีสอง เป็นพวกขี้เห่อน้องบ้างงง  ยกมือขึ้นหน่อยยยย,which,"Love,face,Which,year,bit,Raise,hand"
99,เดี๋ยวมาเดี๋ยวหายเธอเป็นเหี้ยไรอะ,,"Wait,moment,guy"
100,อยํ่สะพานพุทธไปเร่มที่จุดไหนต่อค่ะ,where,"Buddhist,Bridge"
101,รู้ไหม ทำไมเราถึงไม่คุยคนอื่นเพราะเชื่อว่าสักวันหนึ่งเธอจะกลับมา,"why,yes_no","others,someday"
102,มารอจุดสะพานมอญไม่เคลื่อนเลย จะได้เข้าไหม,,"Come,wait,Mon,Bridge"
103,ปีนี้ มธ รับปริญญาเมษาจริงดิ่,,year
104,ตอนเรากำลังจะหายไปคุณมารั้งทำไมพอเรากลับมา คุณก็ไม่สนใจเรา,"why,when",
105,คิดถูกมั้ยที่ไม่ให้มิชชั่นน้องรหัสทำเพื่อรับเข้าสาย,,"code,youth,mission,line"
106,ใครอยู่ ideo สยามราชเทวีแล้วประสบปัญหาเดียวกะเราบ้างปะเวลาบอกพี่วิน พี่แกชอบไปส่งที่ไอดี ราชเทวี ไม่ก็เวลาสั่งไลน์แมนก็ชอบไปราชเทวี เคียส5555555,"who,when","ideo,Siam,Ratchathewi,problem,ID,Ratchathewi,order,line,Ratchathewi"
107,ใครว่างสอนอิ้งโหน่ยยย,who,teaching
108,พรุ่งนี้ใครไปออดิชั่น higher level  บ้าง หาเพื่อนไฃ5555,who,"Tomorrow,level,auditions,Find"
109,ผู้ชายดี ๆ มีผัวหมดแล้ว คุณจะรออะไร,what,man
110,ต้องตื่นตี5จริงๆน่ะหรอ ขี้เกียจจังวุ้ย,,"Lazy,wow"
111,เราจะได้มีสมาชิกคนฉาวเพิ่มมั้ย จุ้งแช่ httpzonapplicationcomusers58ada87335225ab583a7e นุ้งหมี httpzonapplicationcomusers58576eb972116b4b4d3 เจ๊ปุ๊ยเอง httpzonapplicationcomusers58d2ade377d554dd7fddd น้อง httpzonapplicationcomusers581c1e5f12e8bdbbc882,yes_no,"member,Chung,Soo,httpzonapplicationcomusers58ada87335225ab583a7e,Nung,Bear,httpzonapplicationcomusers58576eb972116b4b4d3,Cheong,Hee,httpzonapplicationcomusers58d2ade377d554dd7fddd,sister,httpzonapplicationcomusers581c1e5f12e8bdbbc882"
112,จะไปไหนทำไรก็เจอแต่นักบอลมาเต๊าะแต๊ะ โว้ยเบื่อโว้ยยย นี่เรียนสินสาดหรือสหเวช สวยเอ็กซ์สเปกนักบอลหรอ ขอ sexy boy คน,"how,where","footballers,Sin,Sin,Sahavej,Beautiful,X,specification,football,player,request,sexy,boy"
113,ทำไมต้องจิกหน้า พี่แฟ้ม คิ้วบอยผังเมือง,why,"face,eyebrow,file,town,plan"
114,ช่วงสอบกลับบ้านมาละไม่ได้อ่านหนังสือเลยโว้ยใครเปนเหมือนกันบ้าง ทั้งเกมส์ ทั้งของกิน ฟัคๆๆ,,"homework,exam,book,games,lot"
115,จะสอบเเล้ว ยังไม่รู้เลยว่าต้องอ่านเรื่องไหนก่อน,"what,yes_no",exam
116,วันหยุดจริงๆ มันคืออะไร ใครนิยาม,"who,what",
117,ตอนนี้ใครที่จะมาวางดอกไม้จันที่วัดมักกะสัน ขบวนปลายแถวอยู่ที่หน้าโรงเรียนวัดดิสหงสารามคับ,who,"flowers,Makkasan,Temple,procession,end,line,front,school"
118,อยากสอบถามคำ ว่า ขอเป็นข้ารองพระบาททุกชาติไป กับคำว่า ขอเป็นข้ารองบาททุกชาติไป คำสองคำนี้ คำไหนถูกต้องที่จะใช้กับสามัญชนทั่วไป อย่างเราเรานี่ครับ,yes_no,"words,deputy,nation,words,vice,nation"
119,ใครอัพเดทแอปofoแล้วเด้งเหมือนเราบ้าง ,who,"ofo,app"
120,แลบไบโอพรุ่งนี้ ยังไม่รู้ห้องเลย ต้องไปดูที่ไหนอ่าครับ,where,"Bio-tomorrow,room,Where"
121,มีเด็กท่องเที่ยวโรงแรมแถวนี้มั้ยน้าาาา,,"Are,children,hotel"
122,แจนแมนชั่นหาสัญญายากป่ะ,,"Jan,Mansion,contract"
123,กอล์ฟวิวมีร้านไหนอร่อยมั่งคะ แนะนำที,which,"Golf,View,restaurants"
124,อย่าสงสารคนตายเลยแฮร์รี่สงสารคนที่จะสอบแต่ยังไม่รู้ว่าเทอมนี้เรียนอะไรบ้างเถอะ,what,"Do,Harry,people,classes,semester"
125,ล่าสุดตอนนี้จุดคัดกรองตรงไหนที่คนน้อยบ้างคะ,where,"screening,point,ones"
126,ถ้าย้อนเวลากลับไปได้คุณจะเลือกเข้ามาในชีวิตเรามั้ย,yes_no,"time,lives"
127,เรารักกันมากพอแล้วหรือยัง บอกฉันหน่อย,,
128,ชอบพี่คนหนึ่ง คิดว่าเป็นพี่นะ เรียน 231 พี่เรียนวิชาคณะเราเยอะนะ คิดว่าโทคณะเรารึเปล่า ด้วยกัน พี่เค้าขาวอวบ น่ารักมากอะ พี่ดูแลซอนด้วย พี่มีแฟนยังงะ จีบได้มะ,yes_no,"brother,Think,brother,Study,lot,faculty,masters,group,plump,girlfriend"
129,ใครเป็นคนตั้งกฏว่าห้ามเอามือถือมาโรงเรียนวะ,who,"rules,phones,school"
130,มีใครอยู่ C1 บ้าง,who,C1
131,ทำไมมนี้คนหน้าตาดีเยอะจังวะะะ555555,why,"lot,people"
132,ขอได้ไหม อยากให้เป็นเธอ,yes_no,
133,อ่านแล้วไม่ตอบก็คือคำตอบรึป่าวนะ,,"Read,answer"
134,ในรูปคือเงาของตัวอะไรฮะ,what,"shadow,body"
135,เธอยังจะมีฉันอยู่ บ้างไหม,yes_no,
136,รู้จักนักแสดงfast7ป่าว,,"Know,actors"
137,มีอาหารฟรีด้วยนะ สนไหม,,"Have,food"
138,มึงไม่ไปไม่ได้หรอวะไอ้สัส,yes_no,
139,สรุป แอดมินเพจเมเจอร์ โป๊ะแตกมั้ยอ่า งงไปหมดแล้วว,,"Administrative,Page,Major"
140,ทำไมคืนนี้มันเศร้าจัง,why,tonight
141,วันนี้เจซีมีไรกันอีกแล้วอะ,,"Today,JC,life"
142,มีใครยังไม่นอนมั้ย อยู่เป็นเพื่อนหน่อย,,"Does,anyone,sleep,friend"
143,มีใครยังไม่นอนมั้ย อยู่เป็นเพื่อนหน่อย,,"Does,anyone,sleep,friend"
144, เริ่มสถานะกันใหม่มั้ยหล่ะเริ่มเป็นเพื่อนกันใหม่อห กฟดกสดสฟฟสดสกสห  จิตใจทำด้วยอะไรร,"what,yes_no","status,Start,friend,Fresh,vegetables,mind"
145,จัดสวนจิ๋วอยู่ตรงไหนง่ะ หาม่ายเจออออ,where,"garden,widow"
146,การที่เขาบล็อคทุกอย่างของคุณมันก็คือคำตอบแล้ว คุณไม่ต้องกลับมาทำเขาช้ำใจอีกได้ไหม ทำได้รึเปล่า,yes_no,"fact,answer"
147,มีคนเคยบอกว่าให้ลองลดความหวังลง แล้วเราจะเจ็บน้อยลง คำถามคือมันจะเจ็บน้อยลงจริงหรือ,yes_no,"Someone,try,hope,question"
148,ใครบังอาจจ ,who,
149,เมื่อไหร่จะเลิกชอบซะที,"when,yes_no",
150,คนนี้มีแฟนยัง dektu บอกทีนะ อยากจีบสุดๆเลย เด็กคณะแพทย์โปรดบอก,,"person,girlfriend,dektu,Children,doctors"
151,สภาพหลังออกกำลังกาย ขอตายได้รึไม่ memer,,"Condition,exercise,Can,Memer"
152,ตื่นมาหยังวะ ,,
153,มีใครไปงานCat expo5 บ้างครับ ,,"Has,anyone,Cat,expo5"
154,คิดถึงนะกลับมาได้ไหม คิดถึงไหมกลับมาได้นะ,yes_no,Miss
155,ถ้าเราอยากกินหมูกะทะ เราจะมีเพื่อนไปกินหมูกะทะไหม,,"pork,pan,Will,friends,pork"
156,เบื่อตัวเองที่ต้องมาพ่ายแพ้ให้กับ ชาเขียวอีกแล้วววงื้อออออ จะผอมยังไงวะ,how,"Tired,Green,tea"
157,ลานพระบรมรูปทรงม้า ขยายเวลาวางเอกไม้จัน ไหมครับ,,"Horse,Extend,time,Ek,Mai,Chan"
158,คะแนนควิซเราต่ำจากมีนไป2คะแนนเลยอะ Tu11 ดรอปดีมะ ,,"quizzes,points,Tu11"
159,เฝ้ามองเพื่อนมีแฟนไปทีละคน เมื่อไรฟ้าจะประทานพรให้แจมบ้าง,"when,yes_no","friend,boyfriend,time,sky,bless"
160,ถ้า กัน เป็นแฟน ส้ม แล้ว ส้ม เป็นแฟนใคร,,"orange,fan,orange,fan"
161,ใครอยู่กล์อฟวิวม่างงงงงง,who,"Goft,Viewma"
162,วันนี้มีคนได้นั่งตะลัยไหมงะ,who,"Today,people"
163,บอกโอเคนะโอเคนะ เราไม่โอเคได้หรอเธอ,yes_no,"Okay,ok."
164,py228ง่ายจริงปะ,,py228
165,เราชอบภาษาเหนือ ช่วยเมตตาสอนน้องหน่อยได้มั้ยต้ะ แปลให้นุด้วยนะต้ะ,yes_no,language
166,จุดคัดกรองเต็มยังค่ะ,,"screening,point"
167,วันที่25 ถ้าไปถึงแถวสนามหลวงสักสี่ทุ่ม ด่านคัดกรองไหนคนน่าจะน้อยสุดครับ,"which,yes_no","day,Sanam,Luang,area,o'clock,Which,area"
168,ไปปล่อยกันมั้ยจ้ะ,,Go
169,รูปล่าสุดในมือถือของตัวเองเป็นรูปไหนกันนะ ,what,"image,mobile,phone"
170,มากินร้านนายพลมั้ยจ๊ะ5555555,,"Come,generals,shop,hahahahaha"
171,เฮียอยู่รถตู้สายมธ จตุจักร เฮียจะขอลงตรงเซนลาด แต่เฮียนั่งตรงในสุด หลืบสุด มุมรถเลย เฮียจะขอเค้าลงยังไงดีวะ เกรงใจสุดๆ หรือควรไปลงจตุจักรละนั่ง mrt ย้อนกลับมาเซนลาด ช่วยเฮียด้วยยย,yes_no,"Hia,Van,Mathat,Jatujakhei,van,Zen,Lat,top,car,corner,car"
172,ตลาดTU โดม วันนี้มีป่าวคะ,,"TU,Dome,Market,Today"
173,จักรวาลของฉันจะกว้างเกินกว่าฉันจะเจอดวงดาวของจักรวาลฉันรึป่าวนะ,yes_no,"stars,universe"
174,เป็นของเราคนเดียวได้ป้ะล่ะ,,
175,ทำไมวันนี้ Lynx คนเยอะมาก,why,"today,Lynx,lot,people"
176,ปากคล้ำจะรอดมะ TT,yes_no,"Dark,mouth,TT"
177,โดนบอกเลิกในวันครบรอบ 3 ปีตอนนี้เลิกกันได้เกือบ 2 เดือนแล้วแต่ก็ยังคุยกันบ้าง มาหากันบ้าง ทำทุกอย่างเกือบจะเหมือนเดิม เพียงแค่สถานะมันไม่เหมือนเดิมแต่ก็คงมีแค่เราที่ยังรู้สึกกับเขาเหมือนเดิมต้องรู้สึกยังไงกับการกระทำที่เขาทำแบบนี้อะ,how,"anniversary,year,months,time,everything,status,feels,actions"
178,ถ้าหายไป มันจะดีกว่าไหม,,
179,ถ้ามีเพื่อนอาจจะไม่สนิทมากมาขอยิมรหัสเฟส ไปส่องคนที่ชอบจะให้กันไหมอ่าา ขอความคิดเห็นเพื่อนๆหน่อย อยากรู้มากกกให้กันม่ะๆๆ,"who,yes_no","friend,ask,gym,Phase,code,Go,person,Ahh,Ask,friend,opinion,lot"
180,ใครมีความรู้กะกำลังใจไม่ใช้แล้ว มาลงขายได้ที่loxนะงับ ,who,"knowledge,encouragement,Come,lox"
181,ไหนๆ ใครอยู่หอแล้วมีปัญหาอะไรบ้าง มาแชร์กันนนน ชีวิตเด็กหอก็แบบนี้แหละ,who,"Anybody,tower,problems,share,life,children,tower"
182,โปรเจคที่รักหรือจะอยู่ต่ออีกซักปีดี,yes_no,"Dear,project,year"
183,อยากชมถ่ายทอดสด ช่วง22 คะ ทำไมไม่มีเลยคะ แจ้งหน่อยคร้าา,why,"Want,broadcasts"
184,จะดีมากถ้าจะ ช่วยอัฟเดตสถานะการณ์ จำนวนคน ภาพถ่าย ของแต่ละจุด เรื่อยๆได้มั๊ยคะ,yes_no,"status,number,people,photos,point"
185,รถตะลัยกับประชาธิปไตยอันไหนจะมาก่อนกันอะ เหนื่อยจะรอ,"which,yes_no","car,Tired"
186,การที่คนๆนึงเลือกที่จะหายไป ต้องเป็นคนยังไง ถึงทำร้ายคนรอคุยได้ขนาดนี้วะ คุณแม่งโคตรใจร้ายชะมัด,how,"fact,person,How,person,people,size,Mae,Kong,Kot"
187,ข้ามกลับฝั่งธนฯ เดินข้ามสะพานพระปิ่นกล้าฯ ได้มั้ย ต้องไปบริการปชช ที่ศิริราช,,"Skip,bank,Can,Phra,Pin,Klao,Bridge,Need,service,Siriraj"
188,เอาจริงนะมันเล่นยังไง งง,how,
189,พล ก้ำป่าวคืนนี้,,night
190,ตอนเย็นๆมีใครชอบวิ่งในมอบ้าง,who,"evening,people,streets"
191,ทำไมวันนี้มันเงียบแปลกๆ ,why,today
192,ใครเคยไปกินมั่งน่ากินมากเว่อร์,who,"eat,eat"
193,ใครมีคำแนะนำลดน้ำหนักมั้ยครับ ไม่ไหวกับตัวเองแล้ววววววววว,,"Does,anyone,loss,advice,Ca"
194,พี่อยู่ไหนอ่ะกลับมาได้ไหม ไม่มีใครคอยให้กำลังใจเลย หนูอยากได้กำลังใจมากๆเลยตอนนี้ คิดถึงพี่อ่ะ,where,"one,encouragement"
195,ถ้าขอซื้อกำลังใจนี่กี่บาทกันนะ,how,"lot,encouragement,baht"
196,พี่บอสเกษตรปี3นี่มีแฟนยังคะ,,"Brother,Boss,Kaset,year,girlfriend"
197,ทำไมเธอตอแหลเก่งจังเลยง่า,why,
198,เล่นไงหว่าาาา,how,
199,แต่งตัวยังไงให้เข้ากับตรุษจีน แชร์กันนนนนน,how,"Chinese,New,Year"
200,เวลาที่รู้สึกว่า มีแฟนก็เหมือนไม่มี จัดการกับตัวเองกันยังไงวะ,"how,when","fan,How"
201,พอเราจะถอยคุณก็กลับมา พอเรากลับไปหาคุณก็เดินหนี จะเอายังไง ,"how,when,yes_no",
202,ในนี้มีคนอายุ 25 ขึ้นมั้ย,,"anyone,years"
203,อยากให้มีร้านอะไรมาเปิดที่ยูสแควร์คอมเม้นเลยงับ,yes_no,"store,U,Square,Comments"
204,ชอบออเจ้าแบบไหน,what,"kind,love"
205,ร้านนี้อร่อยป่าวอะ ว่าจะกินหลายทีแล้วแต่ไม่กล้า,yes_no,"restaurant,times"
206,ดั้งจมูกที่สวย ในอุดมคติเป็นไงอะ,what,"Beautiful,ideal"
207,ทำไมคุณต้องใจร้ายกับเราด้วย ,why,
208,รู้อยู่แล้วใช่ไหมล่ะ,,
209,อ้าว แอพนี้เห็นรูปด้วยหรอ 555,,"app,picture"
210,ขอมองตาได้ไหม ในฐานะยายก็ได้,yes_no,"eyes,grandmother"
211,เพิ่งย้ายเข้าหอไปไหนไม่ถูกเลย ใครใจดีพาเที่ยวมั่งง ,"where,who","dormitory,kind,trip"
212,ข้าวไข่เจียวหน้ายิม 7 คนเยอะไหม,,"Omelette,rice,front,people,lot"
213,จุดคัดกรองท่าช้างตอนบ่ายนี้คิวเยอะมั๊ยคะ,how,"Tha,Chang,point,afternoon,queues"
214,สนามหลวงเต็มรึยัง,,"Sanam,Luang"
215,ปีนี้ก็ต้องรอฝึกสอน ขอลงต่างจังหวัดไกลๆได้ไหมว่ะ เช่น เทคนิคเชียงใหม่ ไม่ก็ อาชีวะสงขลา ไรงี้ไปเลย ,yes_no,"year,provinces,Chiang,Mai,techniques,Songkhla"
216,มีใครได้ TU 12  LC1211 บ้างง หาเพื่อนนนนค่า เหงามากๆเลย เพื่อนเรียนคนละห้องหง่ะ,"who,yes_no","TU,LC1211,friend,Friends,room"
217,เสียใจป้ะ,,Sorry
218,วันนี้จะกินอะไรดี คิดไม่ออกแล้ว ขอไอเดียหน่อย,"what,yes_no","today,idea,Request,ideas"
219,มีใครเป็นเลิฟป่าวอ่ะ หาเพื่อนติ่ง55555,who,"love,story,Find"
220,ทำไมทุกคนลงแต่ของกิงง ฮือ หิวข้าววววว หิววววว,why,"everyone,Ginkong"
221,ตอนนี้ที่จุดคัดกรอกแต่ล่ะจุดยังมีคนอยู่ไหมครับ,what,"point,filling,point,someone"
222,ใครเคยดูช่องสบายดีทีวีบ้าง,who,"Sabaidee,TV"
223,ทำไมใจร้ายกับเราจังเลย,why,
224,ทำไมให้เงินเปลืองแบบนี้อะ เส้าาา,why,money
225,เธอเคยคิดถึงเราจริงๆบ้างมั้ย,,
226,เลิกยุ่งกับผญคนนั้นได้ไหม เรารักเธอ,yes_no,person
227,แสตนเต็มยังอ่าทา,,Stand
228,มีใครสนใจไปอนิเมท สอา นี้มั้ยยยยยยหาเพื่อนไปค่าาาา,,"anyone,anime,Find"
229,ไม่ได้รอ ไม่ได้อยากให้กลับมา แต่ก็ไม่อยากเริ่มใหม่ อาการมันเป็นยังไงวะ,how,"Did,How"
230,มีใครขึ้น apl ไปเรียนมะงับบบ มาบ่นกันหน่อยยย,who,"Let,complain"
231,นี่ใครอะ,who,
232,ในนี้มีคนอยู่ไหมเอ่ยยย,,someone
233,ขบวดพาเหรดนิเทศฯมาแล้วจ้าาา แต่งตัวเป็นอะไรมองเห็นกันมั้ยจ้ะะ,what,"Comedians,parade,dress"
234,งื้อ เมื่อไหร่จะจบบย,"when,yes_no",
235,ถ้าเบียร์ทำจากมอลต์แปลว่ามันต้องมีประโยชน์เหมือนโอวัลตินใช่ป่ะ,,"beer,malt,Ovaltine"
236,กองกิจการนักศึกษาของมธอยู่ที่หนายยยย เดินมาสามวันแล้วหาไม่เจอจ้า,yes_no,"Student,Affairs,Division,Mathayom,Walked,days"
237,แพ้คนสม่ำเสมอ แพ้คนใส่ใจ เมื่อก่อนคุณมีเวลาให้เราแต่พอเรารู้สึกทำไมคุณหายไปอะ คุณตายเหรอ งง 55555555555,"why,when","people,people,time"
238,ใครมีวาร์ปเดือนสังเคราะห์บ้างครับ ขอหน่อยๆ,who,warp
239,ไปกันมั้ยทุกคน,,everyone
240,หาเพื่อนได้ป่ะ,yes_no,friend
241,รบกวนอีกเรื่อง ร้านยำผลไม้ใต้ซิตี้เปิดมั้ยค้า,,"story,Yum,Phaeng,Tai,City,Shop"
242,Spotify ต่างจาก joox ยังไงอ่ะ เห็นพอออกมาให้โหลดมีแต่คนดีใจ แต่ที่รู้ๆตอนนี้คือเปิดพร้อมแอพนี้ละเพลงไม่ดับ,,"Spotify,joox,app,song"
243,บางแสนน้ำใสแล้วนะ เธอยังอยากไปดูทะเลกับเราอยู่มั้ย,,"Bang,Saen,water,Do,sea"
244,มีวันไหนที่ตื่นมาละไม่ง่วงบ้าง ,when,day
245,หายไปไหนแล้ววว,where,
246,มีใครสนใจไปกับเราปะ,who,
247,ใครเคยคุยกับ เบนซ์แอพแมทบ้าง,who,"Benz,AppMat"
248,หาแฟนจากแอพนี้ได้มั้ยเนี่ย ทินเดอร์ก็นก เยลก็โดนเท เห้อมมมม,yes_no,"girlfriend,app,Yale,bird"
249,ทำไมต้องมาทำให้เราหวั่นไหวด้วย,"why,yes_no",
250,ขอพื้นที่เล็กๆให้ยังเป็นเด็กอยู่ได้ไหม,yes_no,"area,child"
251,เขาขอให้อยู่รึป่าว ถ้าไม่ก็ออกมาเถอะitfeelstory,,itfeelstory
252,มีใครเล่น identity vมั้งงงงงงง,who,"identity,v"
253,มีใครเล่น identity v มั้งงงงงงงงงง,,"Has,anyone,identity,v"
254, พรุ่งนี้จะไปนอน เขาแหลมหญ้า   มีใครอยากไปด้วยป้ะคับ,"who,yes_no","Tomorrow,Laem,Ya"
255,ใครเคยมีประสบการณ์ซื้อคอนโดบ้าง มีคนมาถามขายห้องแถวปุณณวิถี เฮียว่ามันไกลไปแต่ราคามันโอเค ละก็ได้ห้องไซส์ใหญ่มาก มีบิวอินกับเฟอร์ให้ วอนผู้รู้ช่วยแนะนำที,"how,who","condos,people,Punnawithi,rowhouse,Hey,price,room,fir,Won"
256,ช่วงนี้ชอบเพลงอะไรกันบ้าง,what,"kind,music,time"
257,วันนี้ฟิตเนสเปิดไหมง่าาาาา,,"Today,fitness"
258,ตะกร้าสานแบบนี้ต้องเริ่มวาดยังไงอ่ะ ขออนุญาตวาร์ปมาถาม,how,"basket,Ask,permission"
259,ผู้ชายแพ้คำว่า คิดถึงนะ เค้าเหงา อะไรแบบนี้ป้าว 55555555555,what,"Men,words,kind,thing"
260,ใครเล่นtinder บ้าง,who,tinder
261,วันอาทิตย์แบบนี้ทำไรกันครับ,how,Sunday
262,ผู้ชายส่วนมากชอบสาวแว่นกันไหมอะะ,,"men,girls,glasses"
263,เคยมั้ยอยู่ดีๆน้ำตาก็ไหลเฉยเลยอะ,,tears
264,คือได้ยินเค้าประกาศว่าจุดสะพานปิ่นเกล้าเปิด2ทุ่มแต่จุดโรงแรมรัตนโกสินทร์ได้เข้าแล้ว คืออะไรคะ นี่อยู่หัวแถวรอมา3ชมแล้วคะ ทำไมถึงไม่ให้เข้า สติกเกอร์ก็ได้แล้ว,"why,what,yes_no","Pinklao,Bridge,pm,Rattanakosin,Hotel,Stickers"
265,รองเท้าผ้าใบสีขาวสวยๆนี้มันมีของอะไรบ้าง สำหรับผู้หญิงนะ,what,"sneakers,women"
266,วัดหัวลำโพง คนเป็นไงบ้างครับ,what,"Hua,Lamphong,Temple"
267,มันเล่นยังงายยย หลุดไปอยู่ในโซน มหาลัยอื่นแย้วว ,,"Fall,zone,universities"
268,ใครไปstarbucks บ่อยๆมั้งอะ สังเกตมั้ย มันชอบมีคนนึงน่ากลัวมากเลย ชอบนั้งตรงโต๊ะใหญ่ตรงกลาง ที่ชอบเดินไปเดินมา ยิ้มๆแปลกๆ อยู่นั้นทุกวันเลย วันนี้นางมองเรานานมากแล้วก็ยิ้มมา โคดน่ากลัว,who,"starbucks,table,middle,smile,strange,day,Today,time,smiles,way"
269,เธอจะคิดถึงเราบ้างรึป่าวนะ แต่เราคิดถึงเธอเสมอนะ,yes_no,
270,อยากรู้ว่าพวกร้านต่างๆที่ออกโปรโมชั่นสำหรับคู่รักในวันวาเลนไทน์เนี่ยจะรองรับคู่รักเพศที่3รึเปล่า ,yes_no,"shops,promotions,couples,Valentine,Day,sex,couples"
271,เปงหมูหรือเปงหมาอ่าาาาา,,"Peng,Pork,Pork"
272,มีใครเล่น harry potter บ้างมั้ยย อยู่บ้านอะไรมาแชร์กันหน่อยยย,what,"Has,anyone,harry,potter,home"
273,A Simple Favor หนังดีมั้ยย,,"Favor,Good,movie"
274,ทำไมกุ้งขี้เหยียดงี้อะ ขาเบียดstory,why,"crustaceans,story"
275,อยากกินข้าวต้มร้านไหนอร่อยบ้าง,,"Want,rice"
276,แอพนี้สร้างเพือพวกเราไหมวะ,,app
277,ใครดูเดอะมาส์กอยู่บ้าง,who,mask
278,คิดถึงงงกันมั้ยย,,Miss
279,หลังห้องใครอะแกร,,"someone,room"
280,มีใครอยู่วัดไผ่ตันไหมคะ,,"anyone,Phai,Tan,Temple"
281,ไปก้ำกันมั้ย อิอิ ,,
282,ทำไมต้องน่ารัก ไม่เข้าใจ ฮือ,why,
283,มีใครอยู่คณะฝั่งริมสวนบ้างไหมอ่า สวนของเราคือสวนลุมนะ คณะที่มีPacamara ,who,"side,park,garden,Lum,Faculty,Pacamara"
284,มีใครจะถอนวิแพ่งแจ็คกี้ไปเรียนปี4บ้าง หาเพื่อน ไม่ไหวแล้วกลัวตาย ก่อนเรียนจบ ,yes_no,"Anyone,Jackie,civilization,years,friend,graduation"
285,จะจีบผู้หญิง ทำไมผมคิดว่ามันยากกว่าจีบผู้ชายหล่ะครับ ซีเรียส ประเทศจุฬา,why,"flirt,women"
286,ใครอยู่กอฟบ้าง หาเพื่อนกินข้าว,who,"Gough,friend"
287,เล่นพับจีด้วยกันไหม ในฐานะคนไทยด้วยกัน,,"Play,Thai,people"
288,มีใครอยากเข้าด้านมืดบ้าง เราสอนเล่นDeep Webได้นะ แต่Dark Webไม่รับสอน อันตรายเกิน,"who,yes_no","side,Deep,Web,Dark,Web,danger"
289,ไหน มีใครยันหว่าง หาเพื่อนจ้าาา,which,"Find,friend"
290,วันนี้นอนท่าไหนดี,which,"Today,position"
291,หอชายมีใครยังไม่นอนมั้ยเอ่ย,,"man,sleep"
292,ใครดูบ้าง ใครเป็นแบบกูบ้างวะ 555555,who,type
293,ทำไมเป็นเราที่ยังไม่ไปไหน,why,
294,สวนสันติคนเยอะไหมคะ,,"lot,gardens"
295,หออะไรใครทายถูกให้เฉลย,what,
296,มีคนรับสอนอิ้งมั้ย แบบฝึกพูดให้คล่องงี้,,"someone,Practice"
297,มีร้านบาร์คนน้อยๆแนะนำมั้ย ไปนั่งชิลอะ,yes_no,"bar,shop"
298,ใครมาปั๊มดาวให้อะ จะขายน้ำมันอ่อ,"who,yes_no","stars,oil"
299,จะทักไปอวยพรวันเกิดเธอดีไหมนะ,yes_no,"goodbye,birthday"
300,ฝนตกแบบนี้ต้องทำอะไร ,what,rain
301,พี่น้องนี่เขาบอกฝันดีกันป่าวอะ,,brother
302,น้องชุ้งพี่เจอตังน้องมารับด้วย 3 พอมั้ย,,"Nong,Chung"
303,โซนนี้ที่ไหนเด็ด,where,zone
304,คิดถึงได้ไหมอ่ะ ฟ้าถล่มแบบนี้,yes_no,"Blue,collapses"
305,ยังมีเรือข้ามฟากจากวังหลังไปท่าราชินีไหมคะ,,"ferry,Wang,Lang,Queen"
306,พี่มาสค็อตหมีไปเรียนปะพรุ่งนี้,,"mascot,bears,tomorrow"
307,ในชาบูลาวหมูอะไรอร่อยคะ555555,what,"Shabu,Lao,Pork"
308,มีใครกำลังมองหาชีทสรุป FD211 อยู่มั้ยน้า ตั้งใจทำมากๆๆ ฝากด้วยนะงับ,,"anyone,sheet,FD211,Do"
309,PY228วันศุกร์นี้หยุดรึเปล่าครับ,,"PY228,Friday"
310,ฉันรู้ว่าเธอจะยิ้มแบบไหน,what,"kind,smile"
311,ชอบกินไรร้านน้องแอมมม โรงsc กันบ้าง แชร์โหน่ย,what,shop
312,ทานป่ะแก,,Eat
313,ซาวเช็คคค ใครไปมั้ง,who,
314,ญี่ปุ่นช่วงเดือน7ตั๋วถูกมากกกก อยากไป แต่ร้อนอะะ เอาไงดี,,"Japan,month,tickets"
315,ใครนั่งกินข้าวคนเดียวประจำบ้าง,who,
316,อยากได้เพลงสากลเศร้าๆ เอาแบบดิ่งลงไปเลยก็ได้ใครมีเพลงในใจแนะนำหน่อย,"who,yes_no","universal,song,Can,down,anyone,song,heart"
317,ถ้าไม่นอน ยาก่อนนอนต้องกินยังไงอะยาก็มีแล้วขาดก็แต่คนดูแล,how,bedtime
318,พี่สแตมเมื่อไหร่จิมาาา,when,"Stam,elder,Jimaana"
319,ใครนั่งรถไฟฟ้าไปกลับบ้าง เราไปกลับแต่ละทีท้อแท้มาก รอหลายขบวนกว่าจะได้ขึ้น ร้องไห้หนักมาก,who,"train,time"
320,เมื่อไหร่จะเลิกอ้วนสักที,"when,yes_no",
321,มีใครสนใจเข้าร่วมงานวิชาการด้านความเสมอภาคทางเพศไหมคะ ใกล้ๆจุฬานี้เอง,,"anyone,work,gender,equality,place"
322,ผญมีแก้มมีเหนียงเยอะๆนี้น่ารักมั้ยฮับ,,"Cheek,lot,wattle,cute"
323,ดึกๆคนเหงาเขาทำอะไรกัน,what,"night,people"
324,พึ่งตื่นไม่กี่ชั่วโมงเอง ทำไมถึงง่วงนอนแล้วละ,why,hours
325,มาทำอะไรที่zon,what,zon
326,สะพานมอญอยู่ด้านใหนของสนามหลวงค่ะ,,"Mon,Bridge,side,Sanam,Luang"
327,Camp maya เชียงใหม่ คนน้อยรึยังงงงอะ,,"Camp,maya,Chiang,Mai,Are,person"
328,นิด้าถือว่าดังมั้ยอะ เราเห็นมีทุนเยอะอะ เผื่อเรียนโท ไม่ดราม่านะ,,"Nida,lot,capital,Master,drama"
329,ยุงเยอะไปมั้ย,,mosquitoes
330,เมื่อไหร่จะมีคนมาชอบแอนนี่นะ ฮี่ๆๆๆๆๆๆๆ,"when,yes_no","someone,Annie"
331,ทอมดีๆไปไหนหมด,where,Tom
332,มีใครอยากลองมั้ยอะเราปล่อยต่อออออ อย่าว่าเลย ขอหน่อยนึงหน่า ,,"Has,anyone,Ooo"
333,มีใครไปใช้สิทธิ์ กินฟรี  ลด 8  1แถม1 บ้างยัง polloftheday,who,"right,get,polloftheday"
334,วันนี้มีนี่หรอ หมีไปงานด้วยหรอๆๆๆ,,"today,bear,while"
335,ที่ชมฝนตกป่าว,,rain
336,ที่ศาลากลางนนทบุรีมีจัดถวายมั๊ยค่ะ,,"Nonthaburi,City,Hall"
337,ใครมาปล่อยมาทักเปียกปูนได้นะค่าบบ  piakpoonthebunny,who,piakpoonthebunny
338,มีแรงบันดาลใจแบบไหน ที่จะทำให้เราอยากอ่านหนังสือบ้าง ,"what,yes_no","kind,inspiration,books"
339,ลานพระรูปเข้าได้อีกมั้ย,yes_no,enter
340,กล้วยทอดอินโดที่โรงscขายไหมม,,"bananas,factory,sale"
341,เคยฟังกันรึป่าว เพราะมาก ชอบๆๆ 555555555,,
342,เคยเป็นมั๊ย ที่เวลาดึกๆก็จะคิดถึงคนๆนึงขึ้นมา ทั้งๆที่คิดว่าลืมได้แล้วคิดว่าจะไม่คิดถึงแล้วและตอนนี้ก็กลับไปเป็นแบบเดิมไม่ได้แล้ว,yes_no,"night,person,spite,thought,form"
343,ถ้าบังเอิญเจอกันจะยังทักกันอยู่มั้ยนะ,yes_no,hello
344,วันที่ 1 ธค ยังมีบูมบัณฑิตอยู่มั้ยคะ,,"graduate,boom,Day"
345,ใครอ่านเว็บตูนบ้างงง เรื่องโปรดตอนนี้ของเราต้องให้สองเรื่องนี่เลย อยากให้ทำเป็นซีรีย์มากก ,who,"web,site,story,stories,series"
346,มีใครเคยกินร้านนี้บ้าง,,"Has,anyone,store"
347,ใครอยู่ในจุดที่ความรักแบบคนรัก ไม่จำเป็นกับชีวิตแล้วมั่ง คือ เวลาคุยกับใครมากๆ แล้วเหมือนมันจะต้องจริงจังทีไร เราจะถอยออกมาทุกทีเลย ไม่ใช่ว่าอีกฝ่ายไม่ใช่ ไม่ดี หรืออะไรนะ คุยรู้เรื่อง สนุก เข้ากันได้ โอเคหมดทุกอย่าง แต่พอมันถึงจุดที่เขาหรือเรา รู้สึกว่ามันอาจจะต้องขยับความสัมพันธ์ เราจะไม่ไปต่ออะ เขาก็จะหายไป ละเราก็โอเคกับการที่เราอยู่คนเดียวแบบนี้ จนมีใครมาใหม่ ละก็พังไป วนลูปอ่ะ เฮ้ออออ,"where,yes_no,when,who","point,love,lover,life,time,people,party,anything,Talk,fun,Everything,point,relationship,someone,loop"
348,มีใครหน้าสดไปเรียนบ้างมะ,who,face
349,ใครเคยกินยำแซลม่อนที่อินเตอร์มั่งงง ยำกับลาบอันไหนดีกว่าา,"who,which","salad,Inter,Mang,Which,spicy,Laab"
350,เคยเป็นคนเหงา 217 มาแล้วทั้งปี นี่จะหมด 218 แล้วนะ มีใครมาเหงาเป็นเพื่อนกันมั้ย,yes_no,"person,year,Has,anyone,friend"
351,นอนยังจ๊ะ,,
352,มีใครชอบผู้หญิงเหมือนกันไหม,,"anyone,women"
353,วัด วชิรธรรมสาสิต สุขุมวิท11 คนเยอะมั้ยคะ,,"Wachiratham,Sasan,Temple,Sukhumvit,people"
354,วันหยุดไปเที่ยวไหนกานนน,where,"holiday,Kanon"
355,วันนี้เสื้อเขียวเต็มมอ ตกใจเว่อ มีงานไรร,,"Today,shirt,shock"
356,วันจันทร์ ที่มหยุดไหม,,Monday
357,ใครมีสรุปวิชา tu11 เรื่องโลกาภิวัฒน์บ้างอะ ออดิศร นะ,who,"summary,tu11,subject,globalization"
358,ที่มหิดลมีอะไรอร่อยบ้างงงงใครตอบตัวเองขออนุญาตรับประทานนะคะใส่หอมา,"who,yes_no","Mahidol,something,permission"
359,สเป็คของแต่ละคนเป็นไงบ้างๆ,how,"person,spec"
360,มีใครว่างบ้าง ไปกินข้าวเป็นเพื่อนหน่อย หิวข้าวว,who,"friend,Hungry"
361,ใครตามเรื่องนี้อยู่บ้าง สนุก ๆ ทุกคนคิดว่าไง คุยสัพเพเหระ,,"story,Everyone"
362,ปีใหม่นี้ สนใจไป Big Mountain เป็นแฟน เอ้ยยเป็นเพื่อนเราไหม 55555555555,,"year,Mountain,fan,Are,friends"
363,อยากกินหมูกระทะ ไม่มีคนไปด้วยเลยมีใครสนใจไปด้วยกันมั้ย,,"Want,pork,pan,No,one,anyone"
364,ทำไมวันนี้เนื้อหามันวิทย์จังเลยวะ,why,today
365,คนไปบาหลีเยอะมากกเลยตอนนี้ เลื่อนไอจีก็เจอ เพื่อนซอนใครมีแพลนไปบ้างป่าวว,who,"People,lot,Son,plans"
366,ใครเป็นบ้าง เวลาไม่สบายแล้วชอบร้องไห้,"who,when",
367,มีใครเล่นปิงปองเป็นบ้าง อยากหาเพื่อนเล่นครับ,who,"tennis,friend"
368,วันนี้จะมีอินเตอร์โซนไหมอะ ฝนก็ตกกด้วยย,yes_no,"Today,inter,zone"
369,ใครเก่งอิ้ง มาติวให้หน่อยยเรามีควิซ,who,"Come,quizzes"
370,แถวนี้มีใครดุบ้างจ๊ะ,who,
371,Admin แจ้งข่าวหน่อยคะ จะเปิดให้เข้ากี่โมงเอ่ย,"what,yes_no","Admin,news,time"
372,ออเคมสอบบ่าย2ครึ่งป่ะ,,"Okay,afternoon,test"
373,ใครอยู่คอนเสิร์ตละบ้าง,who,concert
374,วันนี้เห็นคนใส่เสื้อสีเหลืองเต็มไปหมด เกิดอะไรขึ้น,what,"Today,people,shirts"
375,ไม่ชอบคนแบบไหนมากกว่ากัน,what,"kind,person"
376,น้องจะผ่านพรุ่งนี้ไปได้อย่างไร,"how,yes_no",tomorrow
377,ลานพระบรมรูปทรงม้าคนเยอะรึยังคะ,,"Are,patios"
378,ในนี้เป็นเพศอะไรกันบ้างเอ่ยย polloftheday,what,"sex,Polloftheday"
379,เข้าใจกันหน่อยได้ไหม,yes_no,
380,มีใครต่อแถว เข้าถวายดอกไม้จันทร์ที่ลานพระบรมรูปทรงมาบ้างคะ ตอนนี้แถวหยุดนิ่ง อีกนานไม๊คะถึงจะเปิดจุดนี้ คนต่อแถวยาวมากๆคะ,who,"flowers,courtyard,statue,line,time,spot,People,line"
381,มันจะมีคนที่ไม่ได้มองกันแค่ภายนอก รูปร่างหน้าตาบ้างมั้ย,"who,yes_no","people,shape"
382,สอบวันนี้เป็นงี้กันไหม,,"exam,today"
383,ท่าช้าง กับ ท่าพระจันทร์ จุดไหนน่าจะยังเข้าได้คะ,"where,yes_no","Tha,Chang,Tha,Prachan,access"
384,ใครสั่งสุกี้,who,Suki
385,มีค่ายอาสาค่ายไหนจัดช่วงปลายเดือนธันวาถึงมกราคมบ้าง,which,"camps,end,December,January"
386,ไปดู the nun กันมั้ย ไม่มีเพื่อนไปปป,yes_no,"nun,friends"
387,ทำไมอ่านสือคืนนี้ปวดคอจังอะ ไม่เอาสิ กลัวแล้วนะ ,why,"media,tonight,neck,aches"
388,ทำไมถึงเหงาขนาดนั้นน,why,
389,เพื่อนๆจ๋า ใครรู้บ้างว่าแถวมอที่ไหนมีถุงแยกผ้าขายบ้าง ที่เราใส่ผ้าเล็กๆน้อยๆตอนซักได้อ่ะ อยากได้มาก ขอขอบคุณล่วงหน้าเลยละกัน,"who,what,when,yes_no","friends,bags,cloth,lot,Thank,advance"
390,มีใครไปดูคอนเสิร์ทมั้ยเนี่ยhttpsyoutubeKkOF8UiB7u8,,"anyone,concert"
391,ใครเคยดู อนาเธอร์ สปอยให้ฟังหน่อยค่ะ จะเอาข้อมูลไปทำงาน55555,who,"Anastasia,Will,data"
392,มีใครอยู่มอบ้าง เปิดตี้ ก้ำๆๆๆๆๆ,who,"people,others"
393,หิวข้าวจัง มีร้านอาหารอร่อยๆแนะนำมั๊ยครับ,yes_no,"Hungry,restaurants"
394,เรือจ้ามฝากไปยังท่าราชินี ยังมีบริการมั๊ยะ่ะ กำลังเดินทางไปค่ะ,,"Ship,Queen,services"
395,ร้านนี้น่ากินสุด ใครเคยไปมั่งมารีวิวหน่อยยยยยย,who,shop
396,ทำไมเป็นคนร้ายๆGenGenetics,why,"villain,GenGenetics"
397,มีใครเล่นแอพ Smule กันบ้างมั้ยฮะตอนนี้คือติดมาก แบบไม่ไหวแล้ว แง,,"Has,anyone,Smule,Ca"
398,จุดคัดกรองถนนกัลยาณไมตรีตอนนี้คนเยอะรึยังคะ,,"point,Kalyanamitri,Road,lot"
399,จุดคัดกรองถนนกัลยาณไมตรีตอนนี้คนเยอะรึยังคะ,,"point,Kalyanamitri,Road,lot"
400,เพื่อนกันมันก็จีรังควรเป็นแบบนั้นมันดีกว่าไหมเพื่อนเธอเหมือนเดิม,yes_no,"Friends,friends"
401,ถ้ามาจากท่าเรือศิริราช แล้วไปขึ้นท่าพระจันทร์ เพื่อไปวางดอกไม้จันทร์ถวายพระบรมศพ ได้ใช่ไหมคะ เปิดท่าเรือทั้ง2 นี้ใช่ไหมคะ,,"Siriraj,Pier,Tha,Phrachan,flowers,moon,remains"
402,เธอคนนั้นจะเล่นแอพนี้ด้วยไหมนะ,yes_no,"person,app"
403,ทำไมความรักของชาวจุฬาฯ มันดูโสดจังเลยวะ ,why,"love,Chula,people"
404,เคยสนใจกันบ้างป่ะ,,
405,ขอรับบริจาคชีท mircroecon EE211 ของbe เพราะตอนนี้โดนพี่รหัสเทไปแล้ว มีใครมีชีทบริจาคให้น้องที จะmidterm แล้วค่า ,who,"mircroecon,EE211,sheet,Who,donation,sheet,youngsters"
406,มีใครเล่นอยู่ม้ะ อยากได้ดาวเยอะๆ  กดค้างรัวๆ,,"Has,anyone,stars"
407,พื้นที่ถนนราชดำเนินจะเปิดให้ประชาชนเข้าไปนั่งได้มั๊ยครับ หลังจากปิดการจราจร1ครับ,yes_no,"Ratchadamnoen,Road,area,public,traffic"
408,เงียบจัง คนเล่นกี่คนเนี่ย,how,players
409,เล่นยังงายยยยยย,,Play
410,ทำไมพี่วิดวะคนนั้นน่ารักจังเลยอะ,why,"elder,widow"
411,วันแม่ปีนี้ มีสะใภ้ให้แม่รึยังคะ,,"Mother,Day,year,mother-in-law"
412,ทานข้าวเที่ยงกันป่าว  บาร์ iup,,"Have,lunch,bar,iup"
413,มีไหม ใครที่นอนดึกละตื่นเช้า เพื่อมาเรียนวันเสาร์ 55555555,who,"anyone,Saturday"
414,อ้อนใครได้บ้าง,"who,yes_no",
415,รถเมล์วันที่26นี้ไปจอดถึงสนามหลวงไหมครับ,,"Buses,day,Sanam,Luang"
416,มีใครไปคอนเอสเจไหม ที่เปิดจองบัตร23ธค นี้ๆๆๆๆๆๆๆ,which,"anyone,Which,tickets,year"
417,วัดปุรณาวาสคนเยอะมั้ย,,"Puranawat,Temple,lot,people"
418,เมื่อไหร่บัตร Ed จะประกาศผัง,"when,yes_no","Ed,card"
419,ทีมงาน ZON ครับ Application นี้จปิดการใช้งานเมื่อไรครับ,when,"ZON,team,application"
420,มื้อดึกนี้กินไรดีอะ มีมาม่า ข้าว ไข่ แฮม ไส้กรอก หมู,,"night,meal,eat,mama,rice,eggs,ham,pork,sausage"
421,ทำไมกวางเรนเดียร์แล้วยังต้องเดียร์,why,"reindeer,deer"
422,ทำไมสาวมธน่ารักจังฮะ,why,"Math,cute,girl"
423,ต้องอยู่แบบนี้ไปอีกนานแค่ไหน,"how,yes_no",
424,มีใครไปดูวอลเลย์ World Grand Prix ที่อินดอร์บ้างงงง ,,"Someone,Whaley,World,Grand,Prix,Indore"
425,ทำไมเดี๋ยวนี้เด็กจุฬาชอบโจมตีสถาบันตัวเองจังอะ ไม่ภูมิใจกันแล้วหรอ ขนาดเรื่องชุดนิสิตยังดราม่า นี่ยังลามมาเรื่องงานบอลอีก งงอะ แทนที่จะช่วยกันพัฒนา,why,"Chulalongkorn,children,institution,size,student,series,spread,ball,work"
426,ความน่ารักของเธอฉันขอเก็บมันไว้ดูเเบบนี้ตลอดไปได้ไหม,yes_no,"cuteness,forever"
427,ทำไมต้องมารับปริญญาชนกับสอบมิดเทอม เศร้าาาา,"why,yes_no","degree,midterm,exam"
428,ใครเคยคุยกับเด็กวิทยา ชช มาแชร์,who,"child,science"
429,ทำไมต้องกดดันเราขนาดนี้ด้วย เราก็เหนื่อยยะ,"why,yes_no",size
430,ทำไมต้องมีสอบด้วย,why,exam
431,The nun ออกจากโรงยังงง,,"nun,factory"
432,โรงดึกธรรมศาสตร์ร้านไหนอร่อยสุดครับ,which,"Thammasat,Night,Club,restaurant"
433,มีวิธีผ่อนคลายความเครียดกันไหม แชร์เก๊าหน่อยยยยย,,"way,stress,Share,Macau"
434,ไม่คิดถึงกันบ้างหรอเธอ,,
435,ลำไย ไหทองคำ ดังเพราะอะไร,what,"jar,longan"
436,พรุ่งนี้ ซอมบี้หล่อไหม จะไปดู,,"Tomorrow,zombies"
437,ทำไมเทกันง่ายจัง,why,
438,นึกถึงกับคิดถึง เหมือนกันไหม,,
439,ทำไมช่วงนี้ชีวิตห่วยแตกจังวะ,why,life
440,อะไรอีกอ่ะ แล้วเป็นอะไรอีก เป็นอะไรอีกแล้วอ่ะ คือแบบ ไม่เอาได้ป่ะ สำหรับผชคือมันอาจปกติ แต่เราเซ้นซิทีฟว่ะ,what,
441,ทำไมกับข้าวบางอย่าง ราคาไม่ตรงป้าย,why,"dishes,Price,sign"
442,หิวตอนดึก สุดท้ายต้องมานั่งกินธัญพืช ใครเคยกินพวก muesli หรือ diamond grain มาปรับทุกข์กันได้,,"night,grains"
443,เมื่อไหร่ไฟจะมาาาา,"when,yes_no","fire,come"
444,คิดว่าสุดท้ายแล้ว ชีวิตเราต้องการความรัก หรือ เงิน มากกว่ากัน vs,,"lives,love,money,vs"
445,จบ Siit em เกรดห่วยๆ toeic 9 หางานทำครับ มีอะไรให้ทำบ้าง ฮือออ จะสมัครอะไรก็ประสบการณ์อย่างน้อย1ปีหมดเลย,what,"Siit,em,grades,toe,job"
446,พรุ่งนี้เรียนกันไหม,,"Tomorrow,learn"
447,คนใจร้ายนี่เป็นเทรน ถึงเจอแต่คนแบบนี้itfeelstory ,,"heartless,person,trainee,itfeelstory"
448,กลางวันนี้กินไรดี,,day
449,กลางวันนี้กินไรดี,,day
450,มาขึ้นดอยกับพวกเราไหม,,
451,คืนนี้2นาฬิกา  จะไปขึ้นรถ   shater  bus ที่หัวลำโพง  จะมีรถรับส่งตลอดไหมครับ    พอทราบไหมครับ    ว่าขบวนอิสิรยศตอนเช้าเสร็จ   ชว่งบ่ายจนถึง22น  พีธิถวายพระเพลิง  ถนนจะว่างจะให้ประชาชนที่ไม่ได้เข้าไปในบริเวณท้องสนามหลวงสามารถยืนเพื่อสง่เสร็จสู่สวรรคาลัยบริเวณนี้ไก้ไหมครับ  หน้ากรมรักษาดินแดง ถนนสนามไชย   ขอบคุณครับ,"who,yes_no","Tonight,o'clock,shater,bus,Hua,Lamphong,bus,time,morning,procession,Afternoon,Phithi,offering,fire,road,people,Sanam,Luang,area,tombs,area,front,Dindaeng,Department,Sanam,Chai,Road,thank"
452,มีใครมางานรับน้องบ้าง,,"Has,anyone,work"
453,ใครเครียดมาคุยกับผมได้ครับ,"who,yes_no",
454,บ่ายสามโมงเราจะไปร้องเพลงกะเพื่อนที่ฟิว มีใครอยากไปกะเราไหม 555 ฟรีนะ 555,"who,yes_no","o'clock,afternoon,song,friend"
455,นอนยัง zontu,,
456,นอนยัง,,
457,นอนยัง,,
458,พรุ่งนี้สอบเสร็จใครจะไปไหนมะ บอกมา จะได้ไม่ไปร้านนั้น,"who,yes_no",Tomorrow
459,วันเกิดปีนี้คุณจะคิดถึงเราเหมือนที่เราคิดถึงคุณอยู่ตอนนี้มั้ย ,yes_no,"year,birthday"
460,กำลังคิดจะตัดหน้าม้าต่อไปหรือจะไว้ยาวเลยดีวะ,yes_no,shill
461,มีใครติดละครบ้าง ชอบดูเรื่องไรกัน,,"Has,anyone,drama,story"
462,มีหนังไรน่าดูมะ,,movie
