,0
0,กก
1,กขน
2,กค
3,กง
4,กซ์
5,กฎ
6,กฏ
7,กดดัน
8,กดปุ่ม
9,กดหัว
10,กท
11,กทม
12,กน
13,กนก
14,กบ
15,กปิ
16,กพส
17,กฟดกสดสฟฟสดสกสห
18,กม
19,กยศ
20,กร
21,กรก
22,กรง
23,กรณี
24,กรน
25,กรม
26,กรร
27,กรรม
28,กรรมตามสนอง
29,กรอ
30,กระ
31,กระจง
32,กระฉูด
33,กระชุ่มกระชวย
34,กระตุก
35,กระถาง
36,กระทืบ
37,กระทุ่ม
38,กระบวน
39,กระพริบตา
40,กระวนกระวาย
41,กระหาย
42,กระเซอะกระเซิง
43,กระเซ็น
44,กระเด็น
45,กระแดะ
46,กระแส
47,กรัก
48,กรัง
49,กราด
50,กราน
51,กราบ
52,กราบลา
53,กราม
54,กริบ
55,กริ๊ส
56,กรีด
57,กรีดร้อง
58,กรีน
59,กรี๊ด
60,กรี๊ส
61,กรุก
62,กรุง
63,กรุบ
64,กรุ๊ป
65,กร่อย
66,กร่าง
67,กร้อ
68,กร้าน
69,กฤช
70,กฤษฎา
71,กล
72,กลบ
73,กลอง
74,กลัดกระดุม
75,กลับ
76,กลับด้าน
77,กลับบ้าน
78,กลับเป็น
79,กลั้น
80,กลั้นใจ
81,กลา
82,กลางคน
83,กลางคัน
84,กลาด
85,กลิ่น
86,กลืน
87,กลืนน้ำลาย
88,กลืนน้ำลายตัวเอง
89,กลูต้า
90,กล่อม
91,กล้ว
92,กวง
93,กวนใจ
94,กวัด
95,กวาง
96,กวิน
97,กวิ้น
98,กว้างใหญ่
99,กสสดส
100,กสิ
101,กส์
102,กห
103,กฬ
104,กอ
105,กอง
106,กอด
107,กะ
108,กะดี
109,กะทันหัน
110,กะล่อน
111,กั
112,กัง
113,กังวล
114,กังวลใจ
115,กัญ
116,กัดฟัน
117,กันต์
118,กันที่
119,กันท่า
120,กันน้ำ
121,กันผม
122,กันลง
123,กันแดด
124,กัย
125,กัล
126,กัลยา
127,กัลเอาะ
128,กัว
129,กั้ง
130,กั๊ก
131,กา
132,กาก
133,กาง
134,กางร่ม
135,กาน
136,กานน
137,กาย
138,การกระทำ
139,การซ้อม
140,การนำ
141,กาล
142,กำ
143,กำลังดี
144,กำเริบ
145,กิ
146,กิกิ
147,กิง
148,กิงง
149,กิจ
150,กิต
151,กินกัน
152,กินดีอยู่ดี
153,กินที่
154,กินนอน
155,กินแถว
156,กิโกะ
157,กิ่ง
158,กิ่น
159,กิ้ว
160,กิ๊ก
161,กิ๊บ
162,กี
163,กี้
164,กี๊
165,กึ่งกลาง
166,กึ้ก
167,กึ้ง
168,กุ
169,กุก
170,กุด
171,กุมภ
172,กูบ
173,กู้
174,กู๊ส
175,ก็ช่าง
176,ก็เพราะว่า
177,ก็แล้วกัน
178,ก็แล้วแต่
179,ก่
180,ก่ด
181,ก่อ
182,ก่อง
183,ก่อนหน้านี้
184,ก่อนอื่น
185,ก่อนเวลา
186,ก่า
187,ก้
188,ก้กด
189,ก้คง
190,ก้ม
191,ก้อ
192,ก้ะ
193,ก้า
194,ก้าย
195,ก้าวก่าย
196,ก้าวไกล
197,ก้าเรน
198,ก้ำ
199,ก้ำกึ่ง
200,ก๊อก
201,ก๊อกแก๊ก
202,ก๊อน
203,ขก
204,ขกตบ
205,ขกว้วย
206,ขขวก
207,ขดตัว
208,ขนของ
209,ขนาด
210,ขนาดที่
211,ขนาดเล็ก
212,ขนาดใหญ่
213,ขบวน
214,ขม
215,ขยายเวลา
216,ขยี้
217,ขรรม
218,ขรั่บ
219,ขร้ะ
220,ขลิบ
221,ขวบ
222,ขวา
223,ขวางหน้า
224,ขวางหูขวางตา
225,ขวามือ
226,ขว้าง
227,ขอ
228,ขอก
229,ขอความกรุณา
230,ขอความช่วยเหลือ
231,ขอความเห็น
232,ขอคืนดี
233,ของขึ้น
234,ขอทาง
235,ขอที
236,ขอบ
237,ขอพร
238,ขอยืม
239,ขอรับ
240,ขอร้อง
241,ขอลา
242,ขออนุญาต
243,ขออภัย
244,ขอเวลา
245,ขอแรง
246,ขอโทษ
247,ขะ
248,ขัดตา
249,ขัดหู
250,ขัดใจ
251,ขัน
252,ขั่บ
253,ขาดความมั่นใจ
254,ขาดเรียน
255,ขาดใจ
256,ขาดใจตาย
257,ขายของ
258,ขายตรง
259,ขายตัว
260,ขายต่อ
261,ขายส่ง
262,ขาลาก
263,ขาออก
264,ขาเข้า
265,ขา้ว
266,ขำ
267,ขิบ
268,ขี
269,ขีด
270,ขี่
271,ขี่ม้า
272,ขี้
273,ขี้บ่น
274,ขี้ริ้วขี้เหร่
275,ขี้ลืม
276,ขี้หึง
277,ขี้อาย
278,ขี้อิจฉา
279,ขี้เกรงใจ
280,ขี้เกียจ
281,ขี้เมา
282,ขี้เล่น
283,ขี้เหงา
284,ขี้เหร่
285,ขี้แง
286,ขึัน
287,ขึ้นคาน
288,ขึ้นชื่อ
289,ขึ้นปาก
290,ขึ้นฝั่ง
291,ขึ้นสมอง
292,ขึ้นหน้า
293,ขึ้นเสียง
294,ขุน
295,ขุ่น
296,ขุ๊น
297,ขูด
298,ข่ม
299,ข่วง
300,ข่วน
301,ข่วย
302,ข่อ
303,ข่ะ
304,ข่า
305,ข้น
306,ข้อ
307,ข้องใจ
308,ข้อมูล
309,ข้า
310,ข้าง
311,ข้างนอก
312,ข้างบน
313,ข้างล่าง
314,ข้างหน้า
315,ข้างเดียว
316,ข้างใน
317,ข้ามถนน
318,ข้ามหัว
319,ขํ
320,คติ้ง
321,คถ
322,คถคน
323,คทอเรีย
324,คทา
325,คน
326,คนกันเอง
327,คนละชั้น
328,คบ
329,คพฤ
330,คม
331,คย
332,คร
333,ครส
334,ครอง
335,ครอบครอง
336,ครอส
337,คระ
338,ครับผม
339,ครัฟ
340,ครัล
341,ครัว
342,ครั้งก่อน
343,ครั้งนี้
344,ครั้งสุดท้าย
345,ครั้งแรก
346,ครา
347,คราง
348,คราย
349,ครึ
350,ครึ่งทาง
351,ครึ้ม
352,ครุ
353,ครุก
354,ครุ่น
355,ครู่
356,คร่ะ
357,คร่า
358,คร่าว
359,คร้บ
360,คร้าบ
361,คร๊าบ
362,คล
363,คลอ
364,คลอเคลีย
365,คละ
366,คลั่งไคล้
367,คลา
368,คลาย
369,คลาส
370,คลิก
371,คลิบ
372,คลี
373,คลี่คลาย
374,คลุกคลี
375,คลุม
376,คล้อง
377,คล้ำ
378,คว
379,ควง
380,ควบคู่กันไป
381,ควรจะเป็น
382,ควอ
383,ควัก
384,ควัน
385,ควาน
386,คสพ
387,คสอ
388,คห
389,คอก
390,คอน
391,คอนเฟิร์ม
392,คอิ้ง
393,คะใน
394,คะ่
395,คั
396,คัค
397,คัง
398,คัช
399,คัด
400,คัตชู
401,คัทชู
402,คัน
403,คับ
404,คับบ
405,คัพ
406,คัฟ
407,คัย
408,คั่
409,คั่น
410,คั้บ
411,คั้บบ
412,คา
413,คาง
414,คาบ
415,คาบเส้น
416,คาใจ
417,คิ
418,คิขุ
419,คิคิ
420,คิง
421,คิดดู
422,คิดผิด
423,คิดมาก
424,คิดไปคิดมา
425,คิดไม่ออก
426,คิส
427,คิ้ว
428,คีตกวี
429,คีบ
430,คีส
431,คึ
432,คึก
433,คึคึ
434,คึด
435,คึดเติง
436,คืด
437,คืนดี
438,คือะ
439,คุ
440,คุก
441,คุง
442,คุด
443,คุม
444,คุย
445,คุยเก่ง
446,คุรุสภา
447,คุ้น
448,คู
449,คูน
450,คู่
451,คู่ขนาน
452,คู่ครอง
453,คู่ควร
454,คู้
455,ค็อต
456,ค่
457,ค่อนข้างจะ
458,ค่อยเป็นค่อยไป
459,ค้อ
460,ค้ะ
461,ค้าบ
462,ค๊ะ
463,ค๊า
464,ค์
465,ฆ่า
466,ฆ่าเวลา
467,ฆ้อง
468,ง
469,งก
470,งก้
471,งค์
472,งง
473,งชุ้น
474,งด
475,งม
476,งมงาย
477,งรือ
478,งอ
479,งอก
480,งอด
481,งอน
482,งอย
483,งอแง
484,งะ
485,งับ
486,งัย
487,งั่ง
488,งั่ม
489,งั้น
490,งั้บ
491,งั้บบ
492,งาม
493,งาย
494,งิ
495,งิงิ
496,งีบ
497,งียบ
498,งี่เง่า
499,งี้
500,งึด
501,งึ๋ย
502,งืม
503,งือ
504,งือกด
505,งือขอ
506,งืออ
507,งื่ม
508,งื่อ
509,งื้อ
510,งื้ออ
511,งุ
512,งุงิ
513,งุนงง
514,งุ้ย
515,งู
516,งู้น
517,งู้ย
518,งเกิ้ล
519,งแง้ง
520,งโค่ด
521,งไเร๊ออ
522,ง่
523,ง่นเพื้อ
524,ง่ย
525,ง่วง
526,ง่วงนอน
527,ง่อม
528,ง่อว
529,ง่อวว
530,ง่ะ
531,ง่า
532,ง้อ
533,ง้ะ
534,ง้า
535,ง้าง
536,ง้าบ
537,ง้าบบ
538,ง้าย
539,ง๊ง
540,ง๊งง
541,ง๊า
542,ง๊าน
543,จงใจ
544,จนปัญญา
545,จนมุม
546,จนได้
547,จบกัน
548,จฟอร์ทอร์ค
549,จม
550,จย้า
551,จร
552,จราง
553,จราจร
554,จริงอยู่
555,จริ้ง
556,จริ๊ง
557,จร๊
558,จร๊า
559,จศ
560,จสก
561,จฬ
562,จอ
563,จอก
564,จองแล้ว
565,จอน
566,จอม
567,จอมเกล้า
568,จะแจ้ง
569,จัก
570,จักร
571,จักรพงษ์
572,จัญ
573,จัตุ
574,จัน
575,จันทร์
576,จันท์
577,จับ
578,จับกลุ่ม
579,จับได้
580,จัย
581,จั้ก
582,จั้ง
583,จา
584,จากกัน
585,จากนี้
586,จากไป
587,จาง
588,จาน
589,จาม
590,จาร
591,จำใจ
592,จำได้
593,จำไว้
594,จิ
595,จิก
596,จิง
597,จิงจัง
598,จิต
599,จิตร
600,จิน
601,จิมมี่
602,จิ้กจก
603,จิ้ง
604,จิ้น
605,จิ้ม
606,จิ้ย
607,จี
608,จีง
609,จีบ
610,จี้
611,จี๋
612,จึ
613,จึ้กจึ้กจึ้ก
614,จึ้น
615,จึ้ย
616,จึ๊ก
617,จืด
618,จุก
619,จุด
620,จุ้ง
621,จุ้บจุ้บ
622,จุ้ย
623,จุ๊บ
624,จู
625,จูง
626,จูงมือ
627,จูน
628,จูบ
629,จู่
630,จู้
631,จู๋
632,จ่ะ
633,จ่า
634,จ้อ
635,จ้องดู
636,จ๊น
637,จ๊นน
638,จ๊บ
639,จ๊วด
640,จ๊า
641,จ๊าบ
642,จ๊าป
643,จ๋วย
644,จ์
645,จํา
646,ฉฉ
647,ฉอ
648,ฉอง
649,ฉอด
650,ฉัก
651,ฉาก
652,ฉาว
653,ฉิบหาย
654,ฉีก
655,ฉีดยา
656,ฉี่
657,ฉุด
658,ฉ้อ
659,ช
660,ชง
661,ชช
662,ชชั่น
663,ชญ
664,ชด
665,ชน
666,ชนะ
667,ชนะสงคราม
668,ชนะใจ
669,ชม
670,ชมัน
671,ชมา
672,ชลี
673,ชว่ง
674,ชห
675,ชอน
676,ชอบกล
677,ชอบแล้ว
678,ชอป
679,ชอปบัฟ
680,ชออบ
681,ชะมัด
682,ชะลอ
683,ชะโงก
684,ชัช
685,ชัต
686,ชัท
687,ชัย
688,ชัว
689,ชัวร์
690,ชัวว
691,ชั่น
692,ชั่ว
693,ชั้น
694,ชั้นดี
695,ชั้นสอง
696,ชั้นใน
697,ชา
698,ชาญ
699,ชาติ
700,ชาน
701,ชานุ
702,ชาม
703,ชาย
704,ชาร์ต
705,ชิ
706,ชิด
707,ชิน
708,ชิบ
709,ชิบหาย
710,ชิป
711,ชิพ
712,ชิล
713,ชิโนรส
714,ชิ่ง
715,ชี
716,ชีพ
717,ชี่
718,ชืฟ
719,ชื่น
720,ชื่อว่า
721,ชุก
722,ชุด
723,ชุม
724,ชุ้
725,ชุ้ง
726,ชุ้น
727,ชู
728,ชู่
729,ชู้
730,ช็อต
731,ช่ว
732,ช่วง
733,ช่วบ
734,ช่วยตัวเอง
735,ช่วยไม่ได้
736,ช่อ
737,ช่อง
738,ช่ะ
739,ช่า
740,ช่างมัน
741,ช้ว
742,ช้วน
743,ช้ะ
744,ช้ำ
745,ช้ำใจ
746,ช๊อต
747,ซน
748,ซบ
749,ซวย
750,ซอ
751,ซอง
752,ซอน
753,ซอม
754,ซอย
755,ซะงั้น
756,ซัง
757,ซัต
758,ซัน
759,ซับ
760,ซัม
761,ซัล
762,ซั่ด
763,ซั้ง
764,ซา
765,ซาน
766,ซาลง
767,ซาว
768,ซิ
769,ซิก
770,ซิบ
771,ซิป
772,ซิ่
773,ซิ่ง
774,ซิ่ว
775,ซิ๊
776,ซี
777,ซึน
778,ซึม
779,ซึ้ง
780,ซืน
781,ซื่อ
782,ซื่อบื้อ
783,ซื้อของ
784,ซื้อหน้า
785,ซุ
786,ซุก
787,ซุง
788,ซุม
789,ซุ่ม
790,ซุ้ม
791,ซู
792,ซูกัส
793,ซู่ซ่า
794,ซเอ็กอิ้งเปน
795,ซ่า
796,ซ้อ
797,ซ้อม
798,ซ้าย
799,ซ้ำชั้น
800,ซ้ำรอย
801,ซ้ำแล้วซ้ำเล่า
802,ซ์
803,ฌน
804,ญ
805,ญญ
806,ญป
807,ญาณ
808,ญาต
809,ญาติ
810,ญ่
811,ฎา
812,ฏ
813,ฏกษัต
814,ฑล
815,ณณ
816,ณย
817,ณยป
818,ณศิ
819,ณี
820,ณู
821,ณ์
822,ด
823,ดง
824,ดด
825,ดพล
826,ดม
827,ดมื่อ
828,ดยด
829,ดร็อป
830,ดล
831,ดวน
832,ดสสพสสพ
833,ดสห
834,ดอ
835,ดอง
836,ดอด
837,ดอน
838,ดอม
839,ดอรร
840,ดอร์
841,ดอสต
842,ดอิ้ง
843,ดะ
844,ดักรอ
845,ดัช
846,ดัด
847,ดันทุรัง
848,ดัมส์
849,ดั่ย
850,ดั้ง
851,ดั้น
852,ดั้ย
853,ดา
854,ดาด
855,ดำเนินชีวิต
856,ดำไร
857,ดิ
858,ดิชั้น
859,ดิน
860,ดิส
861,ดิ่
862,ดิ่ง
863,ดิ้น
864,ดิ๊
865,ดี
866,ดีกรี
867,ดีกัน
868,ดีขึ้น
869,ดีงาม
870,ดีจริง
871,ดีด
872,ดีมาก
873,ดีแต่
874,ดีใจ
875,ดีไม่ดี
876,ดี้
877,ดี๊
878,ดึก
879,ดึกดื่น
880,ดึ๊บ
881,ดือ
882,ดื่น
883,ดื่มได้
884,ดื่อ
885,ดื๊อ
886,ดุ
887,ดุม
888,ดูก่อน
889,ดูดิ
890,ดูดี
891,ดูออก
892,ดูแลตัวเอง
893,ดูไม่ได้
894,ดู๊ด
895,ดฺ์
896,ด่วน
897,ด่วย
898,ด่า
899,ด่าง
900,ด่าน
901,ด้ว
902,ด้วยซ้ำ
903,ด้วยใจ
904,ด้อย
905,ด้ะ
906,ด้านนอก
907,ด้านล่าง
908,ด้านส่ง
909,ด้านหน้า
910,ด้านหลัง
911,ด้านใน
912,ด๊วย
913,ด๊วยยน
914,ด๋อย
915,ด์
916,ต
917,ตกหนัก
918,ตกใจ
919,ตกไป
920,ตก้
921,ตค
922,ตคน
923,ตง
924,ตจว
925,ตซ์
926,ตด
927,ตต
928,ตท
929,ตธ
930,ตบ
931,ตปท
932,ตยฝน
933,ตรฃ
934,ตรงกลาง
935,ตรงกันข้าม
936,ตรงจุด
937,ตรงนั้น
938,ตรงนี้
939,ตรงเวลา
940,ตระเวน
941,ตรัง
942,ตรับ
943,ตรัย
944,ตรี
945,ตรึม
946,ตรู
947,ตลด
948,ตลิ้ง
949,ตล๊ก
950,ตวจ
951,ตส์
952,ตอ
953,ตอกกลับ
954,ตอกย้ำ
955,ตอน
956,ตอนที่
957,ตอนนั้น
958,ตอนนี้
959,ตอนแรก
960,ตอบกลับ
961,ตะ
962,ตะคอก
963,ตะนาว
964,ตะโกน
965,ตัก
966,ตัง
967,ตัดกัน
968,ตัดขาด
969,ตัดความสัมพันธ์
970,ตัดผ่าน
971,ตัดพ้อ
972,ตัดใจ
973,ตัดไม่ขาด
974,ตัน
975,ตัย
976,ตัล
977,ตัวต่อตัว
978,ตัวร้อน
979,ตัวสั่น
980,ตัวไร
981,ตัส
982,ตัอง
983,ตั่ง
984,ตั้
985,ตั้งตัว
986,ตั้งตารอ
987,ตั้งท้อง
988,ตั้งปี
989,ตั้งหน้า
990,ตั้งเวลา
991,ตั้งแต่แรก
992,ตั้งโต๊ะ
993,ตั้งใจฟัง
994,ตั้น
995,ตั้ลล๊าค
996,ตา
997,ตาก
998,ตาจน
999,ตามทัน
1000,ตามหา
1001,ตามเรื่อง
1002,ตามเวลา
1003,ตายห่า
1004,ตำ
1005,ติ
1006,ติง
1007,ติดกับ
1008,ติดจะ
1009,ติดตัว
1010,ติดตา
1011,ติดนิสัย
1012,ติดฝน
1013,ติดอยู่ในใจ
1014,ติว
1015,ติ่
1016,ติ่ง
1017,ติ้ง
1018,ตีตัวออกห่าง
1019,ตีสาม
1020,ตีสาย
1021,ตีห้า
1022,ตี้
1023,ตี้บ
1024,ตี้เบิน
1025,ตี๋
1026,ตึ
1027,ตึง
1028,ตึ่ง
1029,ตึ่งโป้ะ
1030,ตึ้บ
1031,ตึ๋ง
1032,ตื
1033,ตื่น
1034,ตื่นขึ้น
1035,ตื่นนอน
1036,ตื้นตันใจ
1037,ตื้อ
1038,ตื๊ด
1039,ตุ
1040,ตุน
1041,ตุ่ม
1042,ตุ่ย
1043,ตุ้
1044,ตุ้ด
1045,ตุ้บ
1046,ตู
1047,ตู่
1048,ตู้
1049,ตเวย์
1050,ต็อค
1051,ต่อกัน
1052,ต่อจากนี้
1053,ต่อย
1054,ต่อหน้า
1055,ต่อหัว
1056,ต่อเรือ
1057,ต่อให้
1058,ต่าย
1059,ต่ำกว่า
1060,ต้ม
1061,ต้ว
1062,ต้อ
1063,ต้องสู้
1064,ต้องหา
1065,ต้ะ
1066,ต้า
1067,ต้าขอ
1068,ต้าผม
1069,ต้ามช
1070,ต้าร์
1071,ต้าลง
1072,ต๊กเค
1073,ต๋า
1074,ต์
1075,ถ
1076,ถภภ
1077,ถม
1078,ถลน
1079,ถลอก
1080,ถวาย
1081,ถอยหลัง
1082,ถอยห่าง
1083,ถอัษฏางค์
1084,ถัก
1085,ถัดจาก
1086,ถัม
1087,ถัว
1088,ถา
1089,ถาปัตย์
1090,ถามถึง
1091,ถามหา
1092,ถามไถ่
1093,ถิอ
1094,ถีง
1095,ถึ
1096,ถึก
1097,ถึงกัน
1098,ถึงขนาด
1099,ถึงที่
1100,ถึงใจ
1101,ถือดี
1102,ถือน้ำ
1103,ถือสา
1104,ถือเป็น
1105,ถุ
1106,ถู
1107,ถูกคอ
1108,ถูกชะตา
1109,ถูกที่
1110,ถฺ
1111,ถ่ม
1112,ถ่วง
1113,ถ่างตา
1114,ท
1115,ทก
1116,ทขอ
1117,ทจพ
1118,ทดั้ก
1119,ทดั๊ก
1120,ทท
1121,ทธิ๋
1122,ทธิ์
1123,ทบ
1124,ทผ
1125,ทพจ
1126,ทฟอ
1127,ทย
1128,ทยอย
1129,ทย์
1130,ทร
1131,ทรง
1132,ทรม๊าน
1133,ทรวง
1134,ทรศ
1135,ทรส
1136,ทรอ
1137,ทรัม
1138,ทริค
1139,ทรุด
1140,ทร์
1141,ทล
1142,ทวง
1143,ทวน
1144,ทวิ
1145,ทอ
1146,ทองหลาง
1147,ทอด
1148,ทอดที่
1149,ทอย
1150,ทฯ
1151,ทะ
1152,ทะนุถนอม
1153,ทะยอย
1154,ทะลาย
1155,ทะเล
1156,ทะเลาะ
1157,ทัก
1158,ทักท้วง
1159,ทัต
1160,ทัม
1161,ทัย
1162,ทัล
1163,ทัลเล
1164,ทั้งกายและใจ
1165,ทั้งคน
1166,ทั้งคืน
1167,ทั้งคู่
1168,ทั้งที
1169,ทั้งที่
1170,ทั้งปี
1171,ทั้งวัน
1172,ทั้งวันทั้งคืน
1173,ทั้งสองฝ่าย
1174,ทั้งโลก
1175,ทั้ย
1176,ทา
1177,ทางขวา
1178,ทางซ้าย
1179,ทางโน้น
1180,ทางใจ
1181,ทางใน
1182,ทางไกล
1183,ทางได้
1184,ทาน
1185,ทาม
1186,ทายา
1187,ทาร์
1188,ทาส
1189,ทำความเคารพ
1190,ทำคะแนน
1191,ทำงานต่อ
1192,ทำดี
1193,ทำผิด
1194,ทำมาย
1195,ทำร้าย
1196,ทำร้ายร่างกาย
1197,ทำเป็นเล่น
1198,ทำใจ
1199,ทำใจไม่ได้
1200,ทำไม
1201,ทิ
1202,ทิด
1203,ทิต
1204,ทิน
1205,ทิม
1206,ทิ่ม
1207,ทิ้งตัว
1208,ทีนี้
1209,ทีม
1210,ทีหลัง
1211,ทีเล่นทีจริง
1212,ทีแรก
1213,ทีไร
1214,ที่ต่ำ
1215,ที่นั่น
1216,ที่นี่
1217,ที่ผ่านมา
1218,ที่พึ่ง
1219,ที่มา
1220,ที่ระลึก
1221,ที่ว่าง
1222,ที่สูง
1223,ที่หวัง
1224,ที่เก็บ
1225,ที่แจ้ง
1226,ที่ใด
1227,ที่ไหนบ้าง
1228,ที่ไหนได้
1229,ที้
1230,ทึก
1231,ทึ่
1232,ทุ
1233,ทุกคืน
1234,ทุกที่
1235,ทุกท่าน
1236,ทุกปี
1237,ทุกราย
1238,ทุกสิ่ง
1239,ทุกเวลา
1240,ทุกแห่ง
1241,ทุบ
1242,ทุ่ง
1243,ทู
1244,ทู้
1245,ทแทค
1246,ทแมท
1247,ท็อก
1248,ท็อป
1249,ท่
1250,ท่ด
1251,ท่วม
1252,ท่วมหัว
1253,ท่อ
1254,ท่า
1255,ท่าจะ
1256,ท่าที
1257,ท้วง
1258,ท้อ
1259,ท้อง
1260,ท้องว่าง
1261,ท้อป
1262,ท้อแท้
1263,ท้อใจ
1264,ท้า
1265,ท้าย
1266,ท้ายแถว
1267,ท์
1268,ท์บน
1269,ท์ศ
1270,ท์เลท
1271,ทํ
1272,ทํา
1273,ทําไม
1274,ธ
1275,ธกส
1276,ธค
1277,ธคมค
1278,ธง
1279,ธน
1280,ธนัญญ์
1281,ธวัช
1282,ธอร์
1283,ธัญ
1284,ธัมไม
1285,ธา
1286,ธาน
1287,ธิ
1288,ธิป
1289,ธิเบศ
1290,ธี
1291,ธุดงค์
1292,ธุป
1293,ธู
1294,ธํ
1295,น
1296,นกปล่อย
1297,นขา
1298,นคน
1299,นคะ
1300,นงเยาว์
1301,นจ์
1302,นด
1303,นดดนย
1304,นท
1305,นที
1306,นน
1307,นนท
1308,นนลง
1309,นนัตน์
1310,นนุ้ง
1311,นบ
1312,นพ
1313,นมะ
1314,นย
1315,นร
1316,นรั
1317,นรา
1318,นรี
1319,นล์
1320,นว
1321,นศ
1322,นศทพ
1323,นศพ
1324,นศพยบ
1325,นศมธ
1326,นศษ
1327,นส
1328,นสจน
1329,นสพ
1330,นอ
1331,นอกใจ
1332,นอนขด
1333,นอนมา
1334,นอนละเมอ
1335,นอนไม่หลับ
1336,นะคะ
1337,นะค้า
1338,นะจ๊ะ
1339,นักหนา
1340,นัค
1341,นัง
1342,นัดดา
1343,นัน
1344,นันทภิขุ
1345,นันอิ้ก
1346,นับถือ
1347,นัมบะ
1348,นัย
1349,นั่งลง
1350,นั่งเล่น
1351,นั่จะ
1352,นั่นสิ
1353,นั่ม
1354,นั่รถ
1355,นั่ล
1356,นั้
1357,นั้ง
1358,นั้นแหละ
1359,นั้ม
1360,นั้ลรั้ข
1361,นั๊ล๊าก
1362,นา
1363,นาถ
1364,นาว
1365,นำทาง
1366,นิ
1367,นิค
1368,นิคม
1369,นิด
1370,นิดนึง
1371,นิดหน่อย
1372,นิดเดียว
1373,นิด้า
1374,นิทร
1375,นินทา
1376,นิมมาน
1377,นิล
1378,นิว
1379,นิวส์
1380,นิวัต
1381,นิสัย
1382,นิ่
1383,นิ่งเงียบ
1384,นิ่อยจน
1385,นิ้
1386,นิ้ง
1387,นิ้ย
1388,นี
1389,นีก
1390,นีง
1391,นีโอ
1392,นี้แหละ
1393,นึกถึง
1394,นึกได้
1395,นึกไม่ออก
1396,นึง
1397,นึ่ง
1398,นุ
1399,นุง
1400,นุด
1401,นุ่ง
1402,นุ่ม
1403,นุ้ง
1404,นุ้งจนมั่ก
1405,นุ้ย
1406,นู
1407,นูน
1408,นู้
1409,นู้ด
1410,นู๋
1411,น็อก
1412,น็อค
1413,น่ง
1414,น่ย
1415,น่ยย
1416,น่ยเซ่
1417,น่อง
1418,น่อย
1419,น่อล
1420,น่าคิด
1421,น่าน
1422,น่าอยู่
1423,น่ำ
1424,น้
1425,น้ง
1426,น้ย
1427,น้อ
1428,น้อคน
1429,น้อน
1430,น้อยที่สุด
1431,น้อยใจ
1432,น้ออ
1433,น้ะ
1434,น้าน
1435,น้ำตาไหล
1436,น้ำท่วม
1437,น๊
1438,น๊อน
1439,น๊า
1440,น๋อน
1441,น์
1442,บ
1443,บก
1444,บง
1445,บงกช
1446,บช
1447,บดินทร์
1448,บดี
1449,บบ
1450,บพิตร
1451,บพิทธ
1452,บพิธ
1453,บย
1454,บร
1455,บรม
1456,บรร
1457,บรรเทา
1458,บรวร
1459,บรา
1460,บริบูรณ์
1461,บร๊ะ
1462,บล็อก
1463,บล็อดเฟส
1464,บล๊อก
1465,บวกลบคูณหาร
1466,บวร
1467,บอ
1468,บอก
1469,บอกทาง
1470,บอกลา
1471,บอกเลิก
1472,บอน
1473,บะ
1474,บัค
1475,บัคคน
1476,บัคร
1477,บังอาจ
1478,บัน
1479,บันดาล
1480,บับ
1481,บัม
1482,บัย
1483,บัส
1484,บั่นทอน
1485,บั่บ
1486,บั้ง
1487,บา
1488,บางคน
1489,บางคราว
1490,บางที
1491,บางท่าน
1492,บางนา
1493,บางหว้า
1494,บางเวลา
1495,บางแค
1496,บาด
1497,บาน
1498,บาย
1499,บำเพ็ญ
1500,บำเรอ
1501,บิ
1502,บิดขี้เกียจ
1503,บิน
1504,บิล
1505,บิ้ก
1506,บิ๊ก
1507,บี
1508,บีตร
1509,บีท
1510,บีบี
1511,บีม
1512,บี้
1513,บี๋
1514,บึก
1515,บึกบึน
1516,บึง
1517,บืน
1518,บือ
1519,บื่
1520,บุ
1521,บุก
1522,บุรี
1523,บุ้ค
1524,บุ๊ค
1525,บู
1526,บูด
1527,บูนัมบะเปน
1528,บูม
1529,บูร
1530,บูรณะ
1531,บูล
1532,บ่
1533,บ่นว่า
1534,บ่า
1535,บ้ทง
1536,บ้สง
1537,บ้อ
1538,บ้อง
1539,บ้าบอ
1540,บ้่าง
1541,บ๊อบ
1542,ป
1543,ปกติ
1544,ปกป้อง
1545,ปการ
1546,ปข
1547,ปฃา
1548,ปคุ่
1549,ปจด
1550,ปจบ
1551,ปชก
1552,ปชช
1553,ปชต
1554,ปฎิ
1555,ปณ
1556,ปตท
1557,ปท
1558,ปปช
1559,ปม
1560,ปย
1561,ปรนัย
1562,ปรอย
1563,ประคอง
1564,ประคับประคอง
1565,ประจำปี
1566,ประจำวัน
1567,ประชดประชัน
1568,ประชา
1569,ประชุมเพลิง
1570,ประทาน
1571,ประท้วง
1572,ประพฤติ
1573,ประสาท
1574,ประสานเสียง
1575,ประเด็น
1576,ประเสริฐ
1577,ปรัก
1578,ปรับทุกข์
1579,ปรารภ
1580,ปราโมทย์
1581,ปริ
1582,ปริบ
1583,ปริวาส
1584,ปริ้าน
1585,ปริ๊น
1586,ปริ๊นต์
1587,ปล
1588,ปลคบ
1589,ปลอบ
1590,ปลอบประโลม
1591,ปลอบใจ
1592,ปละ
1593,ปลาย
1594,ปลื้ม
1595,ปลุก
1596,ปล่อยวาง
1597,ปว
1598,ปวง
1599,ปวช
1600,ปสม
1601,ปห
1602,ปหอ
1603,ปอ
1604,ปอย
1605,ปัก
1606,ปัต
1607,ปัน
1608,ปัย
1609,ปัส
1610,ปั่น
1611,ปั้นหน้า
1612,ปั้บ
1613,ปั้ม
1614,ปั้มฟอล
1615,ปั้มไลค์
1616,ปั๊บ
1617,ปั๊ป
1618,ปา
1619,ปากมาก
1620,ปากร้าย
1621,ปากหมา
1622,ปากหวาน
1623,ปากแข็ง
1624,ปาด
1625,ปาน
1626,ปาม
1627,ปาว
1628,ปำ
1629,ปิง
1630,ปิดทาง
1631,ปิดหน้า
1632,ปิน
1633,ปิ่
1634,ปิ้ง
1635,ปิ้น
1636,ปิ๊ก
1637,ปิ๊ง
1638,ปีน
1639,ปีนป่าย
1640,ปีหน้า
1641,ปึก
1642,ปืด
1643,ปุ
1644,ปุ้บ
1645,ปุ้ป
1646,ปุ๊
1647,ปุ๊บ
1648,ปู
1649,ปูน
1650,ปู๊นปู๊น
1651,ป็อป
1652,ป่วน
1653,ป่วยหนัก
1654,ป่อง
1655,ป่ะ
1656,ป่าน
1657,ป่านนี้
1658,ป่าว
1659,ป่าวร้อง
1660,ป้อ
1661,ป้อง
1662,ป้ะ
1663,ป้ะคน
1664,ป้ะว้ะ
1665,ป้า
1666,ป้าบ
1667,ป๊อป
1668,ป๊า
1669,ป๋มม
1670,ป๋วย
1671,ป๋วยคน
1672,ป๋วยป
1673,ป๋วยอึ๊ง
1674,ป๋อง
1675,ป์
1676,ผ
1677,ผช
1678,ผชคน
1679,ผชคบ
1680,ผชงงป
1681,ผชผญ
1682,ผญ
1683,ผญก้
1684,ผญคน
1685,ผญผม
1686,ผญมศว
1687,ผญอ้ะ
1688,ผด
1689,ผปค
1690,ผลัก
1691,ผลักไส
1692,ผลิ
1693,ผศดร
1694,ผอง
1695,ผอม
1696,ผิ
1697,ผิดคน
1698,ผิดหวัง
1699,ผิดเวลา
1700,ผีสิง
1701,ผุ้
1702,ผู้ใด
1703,ผ่อน
1704,ผ่า
1705,ผ่านฟ้า
1706,ผ่านหน้า
1707,ฝ
1708,ฝช้
1709,ฝน
1710,ฝฝ
1711,ฝันดี
1712,ฝันเปียก
1713,ฝา
1714,ฝากเงิน
1715,ฝาด
1716,ฝีมือ
1717,ฝืน
1718,ฝืนยิ้ม
1719,ฝุด
1720,ฝุ่น
1721,ฝ่าย
1722,พ
1723,พก
1724,พง
1725,พจ
1726,พจน
1727,พจี
1728,พชม
1729,พฐ
1730,พท
1731,พน
1732,พนม
1733,พนมมือ
1734,พนัส
1735,พบเห็น
1736,พย
1737,พยนต์
1738,พยาม
1739,พยุง
1740,พรรณ
1741,พราก
1742,พราน
1743,พรำ
1744,พริบตา
1745,พรีเซนต์
1746,พรุ่ง
1747,พรูด
1748,พร่อง
1749,พร่า
1750,พฤ
1751,พล
1752,พลัด
1753,พลัส
1754,พลั้ง
1755,พลาด
1756,พลาดท่า
1757,พลิ
1758,พลิก
1759,พลี
1760,พลู
1761,พล่าม
1762,พวก
1763,พวกคุณ
1764,พวกเขา
1765,พวกเรา
1766,พส
1767,พหล
1768,พหอ
1769,พหุ
1770,พอก
1771,พอกัน
1772,พอกับ
1773,พอตัว
1774,พอร์ต
1775,พอให้
1776,พอได้
1777,พอไปได้
1778,พักผ่อนหย่อนใจ
1779,พักพิง
1780,พักสมอง
1781,พักเที่ยง
1782,พักใหญ่
1783,พัง
1784,พัฒน
1785,พับ
1786,พับผ้า
1787,พัม
1788,พัวพัน
1789,พัศ
1790,พาท
1791,พาน
1792,พาม
1793,พาย
1794,พาล
1795,พาส
1796,พาหุ
1797,พิกัด
1798,พิช
1799,พิน
1800,พินี
1801,พินีคน
1802,พิม
1803,พิเชฐ
1804,พิ้ก
1805,พี
1806,พีค
1807,พี่
1808,พึงกระทำ
1809,พึงมี
1810,พืเน
1811,พื่น
1812,พุ
1813,พุด
1814,พุ่ง
1815,พุ้ง
1816,พู
1817,พูดจา
1818,พูดถึง
1819,พูดน้อย
1820,พูดมาก
1821,พูดว่า
1822,พูดเก่ง
1823,พเฟ่
1824,พเลค
1825,พแมท
1826,พ็อกเก็ต
1827,พ่ะ
1828,พ่ายแพ้
1829,พ้นไป
1830,พ้อ
1831,ฟ
1832,ฟฟ
1833,ฟฟิค
1834,ฟรั่ง
1835,ฟร้ะ
1836,ฟล
1837,ฟลุ๊ก
1838,ฟวย
1839,ฟอ
1840,ฟอน
1841,ฟะ
1842,ฟัค
1843,ฟังออก
1844,ฟังเพราะ
1845,ฟังได้
1846,ฟัด
1847,ฟาด
1848,ฟาย
1849,ฟาส
1850,ฟาสคน
1851,ฟิ
1852,ฟิค
1853,ฟิคจอย
1854,ฟิต
1855,ฟิน
1856,ฟิมล์
1857,ฟิล
1858,ฟิลม์
1859,ฟิว
1860,ฟิวคน
1861,ฟิวคนรอ
1862,ฟิวมั่ก
1863,ฟิวรอ
1864,ฟิวรอคน
1865,ฟิวฯ
1866,ฟิส
1867,ฟิสเนสหอบี
1868,ฟี
1869,ฟี่
1870,ฟืตเนส
1871,ฟื้น
1872,ฟุ
1873,ฟุต
1874,ฟุ้งซ่าน
1875,ฟู
1876,ฟูก
1877,ฟูมฟาย
1878,ฟู่
1879,ฟู๊ด
1880,ฟเฟ
1881,ฟเฟต์
1882,ฟเฟย์
1883,ฟเฟล
1884,ฟเฟ่
1885,ฟ่กืำาท
1886,ฟ้อน
1887,ฟ้ะ
1888,ฟ้าร้อง
1889,ฟ้่า
1890,ภ
1891,ภปร
1892,ภะ
1893,ภัทร
1894,ภา
1895,ภากร
1896,ภาชี
1897,ภาม
1898,ภายนอก
1899,ภิรม
1900,ภิรมย์
1901,ภีม
1902,ภีร์
1903,ภุ
1904,ภู
1905,ม
1906,มก
1907,มข
1908,มคกพ
1909,มคร
1910,มงคล
1911,มจธ
1912,มจพ
1913,มช
1914,มชคน
1915,มชคร่ะ
1916,มณฆล
1917,มณทล
1918,มดี
1919,มตะ
1920,มติ
1921,มถึ
1922,มท
1923,มธ
1924,มธคน
1925,มธตก
1926,มธธัคไลฟ์
1927,มธรถ
1928,มธอยุ่
1929,มธเปน
1930,มน
1931,มนัส
1932,มนุ
1933,มบ
1934,มบู
1935,มฟล
1936,มมส
1937,มมั้ง
1938,มมาก
1939,มละ
1940,มลื่น
1941,มวอ
1942,มศก
1943,มศว
1944,มศวป้ะ
1945,มหรรณพ
1946,มหรรสพ
1947,มหรศพ
1948,มหา
1949,มหาโหด
1950,มหิ
1951,มห้
1952,มอ
1953,มอขอ
1954,มอค
1955,มอคน
1956,มอง
1957,มองตาม
1958,มองว่า
1959,มองหน้า
1960,มองหา
1961,มองโลกในแง่ดี
1962,มองโลกในแง่ร้าย
1963,มองไม่เห็น
1964,มอชอ
1965,มอญ
1966,มอด
1967,มอน
1968,มอบู
1969,มอปริ๊น
1970,มอป้ะ
1971,มอพอ
1972,มอมั้ง
1973,มอยบน
1974,มอห๊กก
1975,มอเน้
1976,มอเวอชั่น
1977,มอไซค์
1978,มอไซด์
1979,มะ
1980,มะคะ
1981,มะบ้า
1982,มะล่อกมะแล่ก
1983,มะเกลือ
1984,มะโต
1985,มัคร
1986,มัง
1987,มังสวิรัติ
1988,มัด
1989,มันดี
1990,มัย
1991,มัว
1992,มั่ก
1993,มั่ง
1994,มั่งมี
1995,มั่น
1996,มั่นคงถาวร
1997,มั่นใจตัวเอง
1998,มั่ม
1999,มั่ย
2000,มั่ยห
2001,มั่ยหวั่ย
2002,มั่ว
2003,มั่วนิ่ม
2004,มั้ก
2005,มั้ง
2006,มั้งง
2007,มั้งหยอ
2008,มั้งอิ
2009,มั้น
2010,มั้ย
2011,มั้ยะ
2012,มั๊ก
2013,มั๊ง
2014,มั๊ย
2015,มั๊ยะ่ะ
2016,มากเกินไป
2017,มาจาก
2018,มาตรฐาน
2019,มาตรา
2020,มาตามหา
2021,มาตี
2022,มาทัน
2023,มาน
2024,มาย
2025,มายัง
2026,มาร
2027,มารยาท
2028,มาลา
2029,มาศ
2030,มาส
2031,มาสก์
2032,มาสาย
2033,มาหา
2034,มาโดยตลอด
2035,มิส
2036,มิเตอร์
2037,มิ้ก
2038,มิ้ง
2039,มิ้น
2040,มิ้ว
2041,มิ้วอยุ่
2042,มีความจำเป็น
2043,มีความผิด
2044,มีความรู้
2045,มีความรู้สึก
2046,มีความสุข
2047,มีความหวัง
2048,มีคุณค่า
2049,มีชัย
2050,มีชื่อ
2051,มีชู้
2052,มีต
2053,มีทาง
2054,มีธุระ
2055,มีน
2056,มีนัด
2057,มีนัย
2058,มีน้ำใจ
2059,มีประสบการณ์
2060,มีปัญหา
2061,มีผลกระทบ
2062,มีผลต่อ
2063,มีพิษ
2064,มีรส
2065,มีระดับ
2066,มีระเบียบ
2067,มีราคา
2068,มีลูก
2069,มีสิทธิ์
2070,มีหน้า
2071,มีหวัง
2072,มีหัว
2073,มีอันจะกิน
2074,มีอายุ
2075,มีอิสระ
2076,มีเงิน
2077,มีเจ้าของ
2078,มีเพศสัมพันธ์
2079,มีเรื่อง
2080,มีเรื่องมีราว
2081,มีเสียง
2082,มีเหตุผล
2083,มีเหตุมีผล
2084,มีแนวโน้ม
2085,มีโอ
2086,มีใจ
2087,มี่
2088,มี้
2089,มึ
2090,มึง
2091,มึน
2092,มึรถ
2093,มึ้ง
2094,มืง
2095,มือ
2096,มือขึ้น
2097,มือตก
2098,มื่อน
2099,มุ
2100,มุง
2101,มุม
2102,มุ่งหน้า
2103,มุ้ง
2104,มุ้ย
2105,มู
2106,มูพ
2107,มูฟ
2108,มูล
2109,มูเก้
2110,มู่
2111,มโน
2112,มไลร์
2113,ม่
2114,ม่วน
2115,ม่ศ
2116,ม่อ
2117,ม่อต้อ
2118,ม่อน
2119,ม่ะ
2120,ม่า
2121,ม่าง
2122,ม่างง
2123,ม่าน
2124,ม่าย
2125,ม่ารส
2126,ม้
2127,ม้วก
2128,ม้ะ
2129,ม้า
2130,ม้าง
2131,ม๊
2132,ม๊า
2133,ม๊าย
2134,ม๋
2135,ม์
2136,ย
2137,ยกกำลัง
2138,ยกมือ
2139,ยก้
2140,ยง
2141,ยด
2142,ยด์
2143,ยติ
2144,ยท์
2145,ยน
2146,ยนต์
2147,ยนน
2148,ยนยย
2149,ยปล
2150,ยม
2151,ยมราช
2152,ยย
2153,ยยน
2154,ยยนย
2155,ยร์
2156,ยล
2157,ยวะ
2158,ยษ
2159,ยอ
2160,ยอก
2161,ยอด
2162,ยอน
2163,ยะ
2164,ยัก
2165,ยังกับ
2166,ยังงัย
2167,ยังไง
2168,ยัด
2169,ยัดเยียด
2170,ยัน
2171,ยัว
2172,ยัาย
2173,ยัายร
2174,ยั่กดั้ย
2175,ยั่ง
2176,ยั้ง
2177,ยั๋ง
2178,ยา
2179,ยากจน
2180,ยาคุ
2181,ยาด
2182,ยามา
2183,ยิงประตู
2184,ยิงปืน
2185,ยิน
2186,ยิมเนเซียม
2187,ยิ่งกว่า
2188,ยิ่งนัก
2189,ยี
2190,ยี่
2191,ยี้
2192,ยี๋
2193,ยืดตัว
2194,ยืน
2195,ยืนนาน
2196,ยื่น
2197,ยื่นมือ
2198,ยื้อ
2199,ยื๊ม
2200,ยุ
2201,ยุบยิบ
2202,ยุ่
2203,ยุ่ง
2204,ยุ่บ
2205,ยู
2206,ยูง
2207,ยู่
2208,ยู้
2209,ย่
2210,ย่อมเยา
2211,ย่อมเยาว์
2212,ย่อหน้า
2213,ย่า
2214,ย่าง
2215,ย่าน
2216,ย่ำแย่
2217,ย้อม
2218,ย้อมสี
2219,ย้อมใจ
2220,ย้อเย่น
2221,ย้าก
2222,ย้านม
2223,ย้ายออก
2224,ย้ำ
2225,ย๊าก
2226,ย๋อ
2227,ย์
2228,ร
2229,รก
2230,รง
2231,รณ
2232,รณา
2233,รด
2234,รดี
2235,รต
2236,รติ
2237,รถ
2238,รถติด
2239,รท
2240,รน
2241,รนด
2242,รบ
2243,รป
2244,รปภ
2245,รปศมช
2246,รพ
2247,รพี
2248,รฟฟ
2249,รม
2250,รมย์
2251,รยล
2252,รยศ
2253,รร
2254,รรคน
2255,รรชล
2256,รวน
2257,รวมตัวกัน
2258,รวิ
2259,รศดร
2260,รส
2261,รสจัด
2262,รอด
2263,รอดพ้น
2264,รอดไป
2265,รอบข้าง
2266,รอบนอก
2267,รอบรู้
2268,รอย
2269,รอหน้า
2270,รอเวลา
2271,ระราน
2272,ระลึก
2273,ระวังตัว
2274,ระหองระแหง
2275,รัก
2276,รักจริง
2277,รักษาการ
2278,รักษาพยาบาล
2279,รักษาโรค
2280,รักเดียว
2281,รังควาน
2282,รังสิ
2283,รังเกียจ
2284,รัช
2285,รัด
2286,รัต
2287,รัตน์
2288,รัน
2289,รับฝาก
2290,รับฟัง
2291,รับมือ
2292,รับได้
2293,รัย
2294,รัล
2295,รัลเว
2296,รัลเวิร์ล
2297,รัลเวิล
2298,รัว
2299,รั่ม
2300,รั้ง
2301,รั้งท้าย
2302,รั้ยย
2303,รั้ว
2304,รั๊ว
2305,ราคาคุย
2306,ราช
2307,ราน
2308,รายงาน
2309,รายงานตัว
2310,รายปี
2311,รายล้อม
2312,รายวัน
2313,รายวิชา
2314,รายเดือน
2315,ราวกับ
2316,ราวกับว่า
2317,ราษฎร์
2318,ราษฏร์
2319,รำ
2320,รำลึก
2321,ริ
2322,ริก
2323,ริน
2324,ริม
2325,ริ่ม
2326,ริ้น
2327,ริ้ว
2328,ริ๊ง
2329,รี
2330,รีม
2331,รีเซ็ต
2332,รีไซเคิล
2333,รี่
2334,รี้
2335,รึ
2336,รึปล่าว
2337,รึเปล่า
2338,รืออ
2339,รุ
2340,รุก
2341,รุงรัง
2342,รุม
2343,รุย
2344,รุ่งโรจน์
2345,รุ้
2346,รูด
2347,รูฟ
2348,รู้กัน
2349,รู้ซึ้ง
2350,รู้ดี
2351,รู้ตัว
2352,รู้ที
2353,รู้สึกตัว
2354,รู้อยู่
2355,รู้อยู่แก่ใจ
2356,รู้เท่าไม่ถึงการณ์
2357,รู้เรื่อง
2358,รู้เรื่องราว
2359,รู้ใจ
2360,รโห
2361,ร็อก
2362,ร่
2363,ร่จ
2364,ร่วง
2365,ร่อ
2366,ร่อง
2367,ร่า
2368,ร่าน
2369,ร่าเริง
2370,ร้
2371,ร้จ
2372,ร้บคง
2373,ร้อค
2374,ร้องเรียก
2375,ร้องเรียน
2376,ร้อนตัว
2377,ร้อนแรง
2378,ร้อนใจ
2379,ร้า
2380,ร้าง
2381,ร้าว
2382,ร๊บ
2383,ร๊าก
2384,ร๋
2385,ร๋จ
2386,ร์
2387,ร์ช
2388,ร์นเสิร์ต
2389,ร์บัค
2390,ร์ป้ะ
2391,ร์ส
2392,ฤกษ์
2393,ล
2394,ลก
2395,ลงกลอน
2396,ลงคอ
2397,ลงจุด
2398,ลงตัว
2399,ลงท่า
2400,ลงนอน
2401,ลงรถ
2402,ลงรัก
2403,ลงลายมือชื่อ
2404,ลงวันที่
2405,ลงหิน
2406,ลงแดง
2407,ลดน้อยลง
2408,ลดา
2409,ลตี้
2410,ลทบ
2411,ลน
2412,ลบรอย
2413,ลป้ะ
2414,ลผล
2415,ลฟิล
2416,ลย
2417,ลลคอล
2418,ลลิ่ง
2419,ลวก
2420,ลวนลาม
2421,ลอกแบบ
2422,ลองดู
2423,ลองใจ
2424,ลอร
2425,ลอร์ด
2426,ลอว
2427,ลอว์
2428,ละมา
2429,ละมุน
2430,ละมุนละไม
2431,ละว้อ
2432,ละสายตา
2433,ละเมอ
2434,ละเม็ด
2435,ละเลย
2436,ละแวก
2437,ลัก
2438,ลัง
2439,ลังเล
2440,ลับตา
2441,ลับหลัง
2442,ลัย
2443,ลัว
2444,ลั่น
2445,ลา
2446,ลาง
2447,ลางาน
2448,ลาจาก
2449,ลาด
2450,ลาม
2451,ลำบากใจ
2452,ลิ
2453,ลิขิต
2454,ลิง
2455,ลิงค์
2456,ลิด
2457,ลิป
2458,ลิปซิงค์
2459,ลิฟท์
2460,ลิมิต
2461,ลิ้ง
2462,ลิ้งค์
2463,ลี
2464,ลีลา
2465,ลี่
2466,ลี้ลับ
2467,ลึกลับ
2468,ลึ่บ
2469,ลืม
2470,ลืมตา
2471,ลืมสนิท
2472,ลือชา
2473,ลื่น
2474,ลื่นล้ม
2475,ลื้น
2476,ลุก
2477,ลุกขึ้น
2478,ลุค
2479,ลุย
2480,ลุ่
2481,ลุ่ม
2482,ลุ้น
2483,ลูบ
2484,ลูส
2485,ลู่
2486,ลู้
2487,ลู๊ก
2488,ลเล่ย์
2489,ลไท่
2490,ล็อค
2491,ล่วง
2492,ล่วย
2493,ล่อ
2494,ล่ะ
2495,ล่า
2496,ล่ำ
2497,ล้
2498,ล้น
2499,ล้ม
2500,ล้สง
2501,ล้อ
2502,ล้อม
2503,ล้อเล่น
2504,ล้ะ
2505,ล้า
2506,ล้าน
2507,ล้าย
2508,ล้ำเส้น
2509,ล้่า
2510,ล๊ก
2511,ล๊ง
2512,ล๊อก
2513,ล๊อกเฟส
2514,ล๊อค
2515,ล์
2516,ว
2517,วก
2518,วกะ
2519,วค
2520,วง
2521,วจ
2522,วจะ
2523,วจา
2524,วชิระ
2525,วด
2526,วดี
2527,วท
2528,วนา
2529,วฟ่า
2530,วย
2531,วรรณ
2532,วรรณา
2533,วรรดิ์
2534,วรอ
2535,วรู๊ป
2536,วว
2537,วสะ
2538,วสี
2539,วสุ
2540,วหา
2541,วอ
2542,วอก
2543,วอน
2544,วอร์
2545,วอแว
2546,วะ
2547,วัค
2548,วัง
2549,วังวน
2550,วัฒน์
2551,วัดดวง
2552,วัต
2553,วัตร
2554,วันก่อน
2555,วันดี
2556,วันที
2557,วันที่
2558,วันพรุ่งนี้
2559,วันรุ่งขึ้น
2560,วันวาน
2561,วันสุดท้าย
2562,วันหนึ่ง
2563,วันเดียวกัน
2564,วัล
2565,วั้ย
2566,วา
2567,วางหน้า
2568,วางแผนการ
2569,วาท
2570,วาน
2571,วาปี
2572,วาย
2573,วาร
2574,วารี
2575,วิ
2576,วิคเตอร์
2577,วิด
2578,วิน
2579,วิลัย
2580,วิว
2581,วิสุทธิ์
2582,วิ่งหนี
2583,วิ่งไล่
2584,วิ้ง
2585,วิ้งอ้ะ
2586,วิ้ด
2587,วิ๊ง
2588,วี
2589,วีค
2590,วีน
2591,วี่
2592,วี่แวว
2593,วืด
2594,วืว
2595,วื่ง
2596,วุ่นวาย
2597,วุ้ย
2598,ว่
2599,ว่ส
2600,ว่อง
2601,ว่ะ
2602,ว่าการ
2603,ว่างเปล่า
2604,ว่าที่
2605,ว่าแต่
2606,ว้
2607,ว้อ
2608,ว้อท
2609,ว้อน
2610,ว้อย
2611,ว้อยย
2612,ว้อยอิเชี่ยย
2613,ว้ะ
2614,ว้ะปล
2615,ว้ะเนี้ย
2616,ว้า
2617,ว้าก
2618,ว้าย
2619,ว้าว
2620,ว๊อนท์
2621,ว๊อย
2622,ว๊า
2623,ว๊าก
2624,ว๊าป
2625,ว๊ายยต่าย
2626,ว์
2627,ศ
2628,ศก
2629,ศจี
2630,ศร
2631,ศรี
2632,ศลป
2633,ศลย
2634,ศว
2635,ศศพล
2636,ศศิน
2637,ศะ
2638,ศักดิ์
2639,ศัตร
2640,ศัพ
2641,ศัล
2642,ศาต
2643,ศาสคร์
2644,ศาสต์
2645,ศิ
2646,ศิป์
2647,ศิล
2648,ศิลป
2649,ศุนย์
2650,ศุภคน
2651,ศุภวัฒน์ขอ
2652,ศุภิส
2653,ศูนนส
2654,ศ์
2655,ษ
2656,ษฐิ์คน
2657,ษมา
2658,ษย
2659,ษา
2660,ษฺ
2661,ษ์
2662,ส
2663,สขัอ
2664,สค
2665,สคน
2666,สควอต
2667,สง
2668,สงบอารมณ์
2669,สงบเสงี่ยม
2670,สง่
2671,สจล
2672,สด
2673,สต
2674,สตก
2675,สตร
2676,สตรอเบอร
2677,สตรี
2678,สตอ
2679,สติ้ก
2680,สติ๊ก
2681,สต้า
2682,สต้าม๋วนใจ๋
2683,สต์
2684,สถ
2685,สถบ
2686,สถาปนา
2687,สทล
2688,สน
2689,สนธิ
2690,สนอง
2691,สบ
2692,สบตา
2693,สบถ
2694,สบายใจ
2695,สป
2696,สปช
2697,สปอต
2698,สปีด
2699,สภา
2700,สม
2701,สมถะ
2702,สมทบทุน
2703,สมน้ำหน้า
2704,สมร
2705,สมหวัง
2706,สมา
2707,สมาส
2708,สมี
2709,สมูท
2710,สมเด็จ
2711,สมโภช
2712,สร
2713,สรร
2714,สระผม
2715,สราญ
2716,สรูป
2717,สลา
2718,สลาย
2719,สว
2720,สวด
2721,สวนทาง
2722,สวัจ
2723,สวัส
2724,สวัสดิ์
2725,สวัสดี
2726,สส
2727,สห
2728,สอ
2729,สองต่อสอง
2730,สะ
2731,สะกิด
2732,สะดุด
2733,สะดุ้ง
2734,สะดุ้งตื่น
2735,สะพรึง
2736,สะพาย
2737,สะอึก
2738,สะแกงาม
2739,สัก
2740,สักการะ
2741,สักครั้ง
2742,สักที
2743,สักนิด
2744,สักพัก
2745,สักวัน
2746,สักวันหนึ่ง
2747,สักหน่อย
2748,สัขาว
2749,สัง
2750,สังเกตว่า
2751,สัจ
2752,สัญณาญ
2753,สัด
2754,สัต
2755,สัน
2756,สันติ
2757,สันโดษ
2758,สับ
2759,สับราง
2760,สัพ
2761,สัพเพเหระ
2762,สัม
2763,สัมมา
2764,สัส
2765,สัึวคีสรส
2766,สา
2767,สาคร
2768,สาด
2769,สาธร
2770,สานต่อ
2771,สาบ
2772,สาป
2773,สายตัว
2774,สาร
2775,สารพัด
2776,สารภาพ
2777,สาระแน
2778,สาวนะ
2779,สาวิตรี
2780,สาสน์
2781,สำ
2782,สำนึก
2783,สำรวจตลาด
2784,สำรับ
2785,สำราญ
2786,สำเร็จการศึกษา
2787,สิ
2788,สิง
2789,สิทธิ
2790,สิทธ์
2791,สิน
2792,สิ่
2793,สิ้
2794,สิ้นดี
2795,สิ้นปี
2796,สิ้นหวัง
2797,สิ้นเดือน
2798,สีตก
2799,สี้
2800,สึก
2801,สึกหรอ
2802,สืบมา
2803,สือ
2804,สือจน
2805,สื่อ
2806,สุ
2807,สุก
2808,สุดขีด
2809,สุดถนน
2810,สุดยอด
2811,สุดแต่
2812,สุภาพ
2813,สุวรรณ
2814,สุเทพ
2815,สุ่น
2816,สุ่ม
2817,สู
2818,สูญ
2819,สูด
2820,สูต
2821,สูท
2822,สูบ
2823,สูสี
2824,สู่ขวัญ
2825,สู้ตาย
2826,สเกต
2827,สเตเดี้ยม
2828,สเน่ห์
2829,สเปก
2830,สเปค
2831,สเป็ก
2832,สเป็ค
2833,สแตม
2834,สแล็ค
2835,สโลแกน
2836,สไตล์
2837,สไลด
2838,สไลด์
2839,ส่งกลิ่น
2840,ส่งข่าว
2841,ส่งมอบ
2842,ส่งเสียง
2843,ส่วย
2844,ส่องกระจก
2845,ส่ะ
2846,ส่า
2847,ส่ายหน้า
2848,ส้น
2849,ส์
2850,ห
2851,หก
2852,หง
2853,หงอย
2854,หงะ
2855,หงิง
2856,หงิ๋ง
2857,หงุดหงิด
2858,หง่ะ
2859,หดหู่
2860,หนวกหู
2861,หนักหนา
2862,หนั่ม
2863,หนาว
2864,หนาวเหน็บ
2865,หนาเตอะ
2866,หนิ
2867,หนีบ
2868,หนีหาย
2869,หนึบ
2870,หนือ
2871,หนุ
2872,หนุก
2873,หป
2874,หม
2875,หมก
2876,หมดความรู้สึก
2877,หมดยุค
2878,หมดหวัง
2879,หมน
2880,หมอง
2881,หมั่น
2882,หมาย
2883,หมิง
2884,หมิว
2885,หม่น
2886,หม๊ด
2887,หยอ
2888,หยอก
2889,หยออ
2890,หยัง
2891,หยั่ก
2892,หยั่ง
2893,หยั่งรู้
2894,หยาม
2895,หยู๋
2896,หย่อย
2897,หย่า
2898,หย๋อ
2899,หรอ
2900,หรอก
2901,หระ
2902,หรา
2903,หริ
2904,หรี่
2905,หรือปล่าว
2906,หรือไง
2907,หร่อย
2908,หร๊อ
2909,หร๊อย
2910,หลงรัก
2911,หลบ
2912,หลบซ่อน
2913,หลบตา
2914,หลบมุม
2915,หลบหน้า
2916,หลวม
2917,หลวย
2918,หลอ
2919,หละ
2920,หลัฃ
2921,หลังจากนี้
2922,หลัว
2923,หลั่ง
2924,หลา
2925,หลายครั้ง
2926,หลายอย่าง
2927,หลาว
2928,หลี
2929,หลีก
2930,หลืบ
2931,หล่น
2932,หล้า
2933,หวง
2934,หวอ
2935,หวะ
2936,หวัด
2937,หวาด
2938,หวี
2939,หวี่
2940,หวึ่ง
2941,หว่ะ
2942,หว่า
2943,หว่าง
2944,หว๊าน
2945,หอก
2946,หอบ
2947,หะ
2948,หักคะแนน
2949,หักหลัง
2950,หักห้ามใจ
2951,หัด
2952,หันมา
2953,หันเห
2954,หันไป
2955,หัย
2956,หัวเราะ
2957,หั้ย
2958,หานะ
2959,หายกัน
2960,หายโกรธ
2961,หายใจ
2962,หายใจไม่ออก
2963,หาว่า
2964,หาเรื่อง
2965,หิว
2966,หิ้ง
2967,หิ้ว
2968,หึ
2969,หึหึ
2970,หึ้
2971,หึ้ย
2972,หืม
2973,หืมม
2974,หืวง
2975,หือ
2976,หื่น
2977,หื้ม
2978,หื้อ
2979,หุง
2980,หุหุ
2981,หุ่น
2982,ห่ม
2983,ห่วง
2984,ห่อ
2985,ห่า
2986,ห่างเหิน
2987,ห่เงำ
2988,ห้
2989,ห้ว
2990,ห้อ
2991,ห้ะ
2992,ห้ะ๚
2993,ห้าม
2994,ห้ามใจ
2995,ห้าว
2996,ห๊ะ
2997,ห๊า
2998,ฬ
2999,อ
3000,อกสั่นขวัญแขวน
3001,อค
3002,อคว
3003,อง
3004,อจ
3005,อชอ
3006,อณุ
3007,อดหลับอดนอน
3008,อดิศร
3009,อดีต
3010,อดใจ
3011,อตซ
3012,อติ
3013,อธิ
3014,อธิษฐาน
3015,อน
3016,อนส
3017,อนุ
3018,อบู
3019,อป
3020,อปป
3021,อพน้ส
3022,อพฮ
3023,อม
3024,อมร
3025,อย
3026,อยด์
3027,อยด์ลบ
3028,อยย
3029,อยากรู้
3030,อยากได้
3031,อยุ่
3032,อยุ้
3033,อยู่งาน
3034,อยู่ดี
3035,อยู่ตัว
3036,อยู่รอด
3037,อยู้
3038,อยู๋
3039,อย่า
3040,อย่างงี้
3041,อย่างสบายใจ
3042,อย่างหนัก
3043,อย่างใดอย่างหนึ่ง
3044,อย้าง
3045,อยํู่
3046,อยํ่
3047,อริ
3048,อรุณ
3049,อรุณสวัสดิ์
3050,อร็ไฃด
3051,อร่อย
3052,อร์
3053,อร์เน
3054,อร์เฟกต์
3055,อร์เวิร์ล
3056,อลต์
3057,อลล์
3058,อลอยุ่
3059,อวก
3060,อวง
3061,อวด
3062,อวบ
3063,อวัลล
3064,อสัญ
3065,อสุ
3066,อห
3067,ออ
3068,ออกจะ
3069,ออกชื่อ
3070,ออกดอก
3071,ออกทุกข์
3072,ออกห่าง
3073,ออด
3074,ออดิท
3075,ออน
3076,ออฟ
3077,ออเคสตร้า
3078,อะ
3079,อะดิ
3080,อะนะ
3081,อะนี้
3082,อะป่าว
3083,อั
3084,อักษะ
3085,อัง
3086,อันตราย
3087,อันที่จริง
3088,อันนี้
3089,อับ
3090,อัป
3091,อัพ
3092,อัพตัส
3093,อัพลง
3094,อัพวง
3095,อัพสอต
3096,อัฟ
3097,อัม
3098,อัย
3099,อัล
3100,อัลไล
3101,อั่
3102,อั่คั่
3103,อั่ง
3104,อั้น
3105,อั๊ว
3106,อา
3107,อาณา
3108,อาบ
3109,อาภัพ
3110,อาม
3111,อาย
3112,อารมณ์
3113,อาร์
3114,อาว
3115,อาวรณ์
3116,อาหย่อย
3117,อิ
3118,อิก
3119,อิค
3120,อิจ
3121,อิจคน
3122,อิฉัน
3123,อิด
3124,อิตต๋า
3125,อิน
3126,อินเตอร์
3127,อินเลิฟ
3128,อิป
3129,อิปริ๊น
3130,อิม
3131,อิส
3132,อิสิ
3133,อิอิ
3134,อิเวง
3135,อิ่ม
3136,อิ้
3137,อิ้ง
3138,อิ้งค์
3139,อิ้อิ้
3140,อิ๊ง
3141,อี
3142,อีกหน่อย
3143,อีฟ
3144,อี้ก
3145,อี้กด
3146,อี้อี้
3147,อี๊
3148,อึ
3149,อึดอัด
3150,อึน
3151,อึมครึม
3152,อึ้ง
3153,อึ๊
3154,อืด
3155,อืน
3156,อืม
3157,อืมม
3158,อือ
3159,อื้ม
3160,อื้อ
3161,อื้อหือ
3162,อุ
3163,อุก
3164,อุดม
3165,อุษา
3166,อุ่น
3167,อุ้ย
3168,อุ้ว
3169,อุ๊บ
3170,อุ๊ย
3171,อุ๋ง
3172,อู
3173,อูเอโนะ
3174,อู่
3175,อู้
3176,อเคท
3177,อแ
3178,อไมา
3179,อ่
3180,อ่พ
3181,อ่วน
3182,อ่อ
3183,อ่อก
3184,อ่อค
3185,อ่อนแอ
3186,อ่อนโยน
3187,อ่อย
3188,อ่ออ
3189,อ่ออจ่ะ
3190,อ่ออิบ
3191,อ่ะ
3192,อ่า
3193,อ่าว
3194,อ้วก
3195,อ้วง
3196,อ้อน
3197,อ้อนวอน
3198,อ้อม
3199,อ้อย
3200,อ้อยช้าง
3201,อ้ะ
3202,อ้า
3203,อ้างว้าง
3204,อ้าปากค้าง
3205,อ้าว
3206,อ๊อง
3207,อ๊อด
3208,อ๊อฟ
3209,อ๊ะ
3210,อ๊า
3211,อ๊ากก
3212,อ๋อ
3213,อ๋อง
3214,อ์ฟ
3215,ฮ
3216,ฮง
3217,ฮรืล
3218,ฮรือ
3219,ฮรืออ
3220,ฮรื่อ
3221,ฮอง
3222,ฮอต
3223,ฮอท
3224,ฮอล
3225,ฮอลล
3226,ฮะ
3227,ฮัซ
3228,ฮัน
3229,ฮับ
3230,ฮัลโหล
3231,ฮั่นแน่
3232,ฮา
3233,ฮิ
3234,ฮิกก
3235,ฮิฮิ
3236,ฮิ้ว
3237,ฮี
3238,ฮี่
3239,ฮี้
3240,ฮึ
3241,ฮึก
3242,ฮึกเหิม
3243,ฮึด
3244,ฮือ
3245,ฮื่อ
3246,ฮื้มม
3247,ฮื้อ
3248,ฮู้
3249,ฮ่วย
3250,ฮ่ะ
3251,ฮ่า
3252,ฮ้วย
3253,ฮ้า
3254,ฮ๊าฟ
3255,ะ
3256,ัก
3257,ัา
3258,ั้ย
3259,า
3260,าา
3261,ำ
3262,ิ
3263,ี
3264,ีบน
3265,ียมคน
3266,ี่
3267,ี้
3268,ึก
3269,ื
3270,ืล
3271,ืิ่น
3272,ืี่
3273,ื่
3274,ุด
3275,฿
3276,เ
3277,เก
3278,เกด
3279,เกตุ
3280,เกรงใจ
3281,เกรีย
3282,เกรียจ
3283,เกรียว
3284,เกรี้ยวกราด
3285,เกร็ง
3286,เกร็ด
3287,เกลียด
3288,เกล้าผม
3289,เกะกะ
3290,เกา
3291,เกาะแกะ
3292,เกิต
3293,เกิตมั่ก
3294,เกินควร
3295,เกินเลย
3296,เกิ้น
3297,เกิ๊น
3298,เกียจ
3299,เกียด
3300,เกี่ยว
3301,เกือบตาย
3302,เกื้อ
3303,เก็ท
3304,เก็ทป
3305,เก็ทฟิล
3306,เก็บของ
3307,เก็บข้อมูล
3308,เก็บความ
3309,เก็บผม
3310,เก็บอาการ
3311,เก็บเงิน
3312,เก็บเสียง
3313,เก่
3314,เก่ง
3315,เก้ว
3316,เก้อ
3317,เก๊า
3318,เข
3319,เขน
3320,เขย่าตัว
3321,เขวี้ยง
3322,เขิน
3323,เขี้ยว
3324,เข็ญ
3325,เข้
3326,เข้มแข็ง
3327,เข้าข่าย
3328,เข้าข้าง
3329,เข้าที่
3330,เข้านอน
3331,เข้าบัญชี
3332,เข้าฝัน
3333,เข้าพบ
3334,เข้าเครื่อง
3335,เข้าเนื้อ
3336,เข้าเฝือก
3337,เข้าเล่ม
3338,เข้าเวร
3339,เข้าใกล้
3340,เค
3341,เคก็คือ
3342,เคชั่น
3343,เคชั่นมธ
3344,เคน
3345,เคนื่องป
3346,เคม
3347,เครป
3348,เครสต้า
3349,เครา
3350,เคราะ
3351,เครียส
3352,เครืิ่อง
3353,เคร็ท
3354,เคร่ง
3355,เคร่งเครียด
3356,เคลิ้ม
3357,เคลีย
3358,เคลื่อนตัว
3359,เคล็ด
3360,เคล็บ
3361,เคว
3362,เควส
3363,เคส
3364,เคอ
3365,เคอรเฮ้าห
3366,เคอะ
3367,เคะ
3368,เคา
3369,เคารพ
3370,เคิล
3371,เคียง
3372,เคียงข้าง
3373,เคียส
3374,เคี้ยว
3375,เคือง
3376,เคเค
3377,เค้า
3378,เง
3379,เงอ
3380,เงียบ
3381,เงียบกริบ
3382,เงียบหาย
3383,เงียบเหงา
3384,เงี่ย
3385,เงี่ยน
3386,เงี้ย
3387,เง้
3388,เจ
3389,เจตนา
3390,เจน
3391,เจมส์
3392,เจริญ
3393,เจล
3394,เจษฎา
3395,เจอกัน
3396,เจา
3397,เจิม
3398,เจี๊ยบ
3399,เจ็ก
3400,เจ็บ
3401,เจ้า
3402,เจ้าค่ะ
3403,เจ้าหน้า
3404,เจ๊
3405,เจ๊ง
3406,เจ๋ง
3407,เจ๋บ
3408,เฉด
3409,เฉพาะคน
3410,เฉพาะตอน
3411,เฉพาะทาง
3412,เฉย
3413,เฉยชา
3414,เฉลิม
3415,เฉา
3416,เฉียว
3417,เฉี่ยว
3418,เช
3419,เชอ
3420,เชิง
3421,เชิด
3422,เชิต
3423,เชิ้ต
3424,เชิ๊ต
3425,เชียง
3426,เชียงของ
3427,เชียร์
3428,เชียว
3429,เชี่ย
3430,เชี่ยล
3431,เชี่ยว
3432,เชี้ย
3433,เชื่อใจ
3434,เชื่อได้
3435,เช็ก
3436,เช็นทรัลเวิดเ
3437,เช่าซื้อ
3438,เช้า
3439,เช้าตรู่
3440,เช้านี้
3441,เช้ามืด
3442,เซ
3443,เซน
3444,เซนส์
3445,เซฟ
3446,เซอร์
3447,เซะ
3448,เซีย
3449,เซียร์
3450,เซ็ก
3451,เซ็กซี่
3452,เซ็กส์
3453,เซ็ง
3454,เซ็ท
3455,เซ็น
3456,เซ็นชื่อ
3457,เซ็นต์
3458,เซ่เว่น
3459,เซ้ง
3460,เซ้น
3461,เซ้นวน
3462,เซ้นส์
3463,เซ้ม
3464,เซ้าซี้
3465,เณร
3466,เด
3467,เดช
3468,เดต
3469,เดท
3470,เดน
3471,เดย์
3472,เดลี่
3473,เดอะ
3474,เดะ
3475,เดา
3476,เดินผ่าน
3477,เดินสวน
3478,เดินเท้า
3479,เดินแถว
3480,เดินไปเดินมา
3481,เดินไหม
3482,เดิมที
3483,เดียม
3484,เดียร
3485,เดี๊ยะ
3486,เดี๋ยว
3487,เดี๋ยวนี้
3488,เดือดร้อน
3489,เด่
3490,เด้
3491,เด้ง
3492,เด้อ
3493,เด๋ว
3494,เด๋อ
3495,เต
3496,เตมีย์
3497,เตย
3498,เตรียด
3499,เตะ
3500,เติมน้ำมัน
3501,เติมเต็ม
3502,เติ้ก
3503,เติ้ล
3504,เตียน
3505,เตียม
3506,เตี้ย
3507,เตี๋ย
3508,เตี๋ยว
3509,เต็มยศ
3510,เต็ล
3511,เต่า
3512,เต้
3513,เต้ม
3514,เต้ล
3515,เต้อ
3516,เต๊าะ
3517,เต๋อ
3518,เต๋า
3519,เถ๊
3520,เทค
3521,เทคแคร์
3522,เทศน์
3523,เทห์
3524,เทอญ
3525,เทอม
3526,เทียน
3527,เที่ยงคืน
3528,เที่ยงวัน
3529,เที่ยวแรก
3530,เท็จ
3531,เท่ห์
3532,เท่าตัว
3533,เท่าที่จำเป็น
3534,เท่าเทียม
3535,เท่าไหร่
3536,เท้น
3537,เท้ส
3538,เท๊อ
3539,เนต
3540,เนม
3541,เนส
3542,เนสหอ
3543,เนอ
3544,เนอะ
3545,เนะ
3546,เนาะ
3547,เนิร์ด
3548,เนิส
3549,เนิ่น
3550,เนียน
3551,เนี่บ
3552,เนี่ย
3553,เนี้ย
3554,เนี้ยน
3555,เนี้ยบ
3556,เนี้ยผม
3557,เนี้ยย
3558,เนี้ยะ
3559,เนี๊ย
3560,เนี๊ยบ
3561,เนี๊ยะ
3562,เนี๋ย
3563,เนือง
3564,เนื่ย
3565,เนื่อ
3566,เน็ต
3567,เน็บ
3568,เน่อ
3569,เน่า
3570,เน้
3571,เน้อ
3572,เน๊
3573,เน๊ะ
3574,เน๊าะ
3575,เบ
3576,เบญจ
3577,เบน
3578,เบบี้
3579,เบฟิ
3580,เบย
3581,เบล
3582,เบลอ
3583,เบส
3584,เบอ
3585,เบอจน
3586,เบะ
3587,เบาบาง
3588,เบิร์น
3589,เบิะแ
3590,เบิ่ด
3591,เบียด
3592,เบียดเบียน
3593,เบียร์
3594,เบี่ย่ดื
3595,เบี้ย
3596,เบี้ยว
3597,เบ็น
3598,เบ้
3599,เบ้อเริ่ม
3600,เป
3601,เปก
3602,เปง
3603,เปน
3604,เปนคน
3605,เปนผญ
3606,เปนลม
3607,เปย์
3608,เปรอะ
3609,เปรี้ยว
3610,เปร๊าะ
3611,เปลา
3612,เปลี่ยนคน
3613,เปลี่ยนรูป
3614,เปลี่ยนสี
3615,เปลืง
3616,เปลื่ยน
3617,เปล่า
3618,เปล๊า
3619,เปอร์
3620,เปา
3621,เปิดกล้อง
3622,เปิดซิง
3623,เปิ้ล
3624,เปีย
3625,เปียก
3626,เปียกชื้น
3627,เปื่อย
3628,เปื้อน
3629,เปเปอร์
3630,เป็นกันเอง
3631,เป็นการ
3632,เป็นการเป็นงาน
3633,เป็นขุย
3634,เป็นความ
3635,เป็นคุณ
3636,เป็นชิ้นเป็นอัน
3637,เป็นช่วง
3638,เป็นตัว
3639,เป็นตัวของตัวเอง
3640,เป็นตัวเป็นตน
3641,เป็นตัวแทน
3642,เป็นตุเป็นตะ
3643,เป็นที่ตั้ง
3644,เป็นที่รู้จัก
3645,เป็นธรรมดา
3646,เป็นบุญ
3647,เป็นบ้า
3648,เป็นปกติ
3649,เป็นประจำ
3650,เป็นผู้ใหญ่
3651,เป็นรอง
3652,เป็นระบบ
3653,เป็นลม
3654,เป็นว่าเล่น
3655,เป็นสาว
3656,เป็นหน้าเป็นตา
3657,เป็นเงา
3658,เป็นเจ้าของ
3659,เป็นเรื่อง
3660,เป็นเอง
3661,เป็นแถว
3662,เป็นแนว
3663,เป็นโสด
3664,เป็นใจ
3665,เป็นใหญ่
3666,เป็นไปไม่ได้
3667,เป็นไร
3668,เป็ร
3669,เป้
3670,เป้ง
3671,เป้ะ
3672,เป้า
3673,เป๊น
3674,เป๋
3675,เป๋ง
3676,เผลอ
3677,เผลอตัว
3678,เผลอไป
3679,เผาจริง
3680,เผื่อเลือก
3681,เผ่า
3682,เฝอ
3683,เฝ้า
3684,เฝ้ารอ
3685,เพ
3686,เพจ
3687,เพท
3688,เพราะอะไร
3689,เพราะเหตุใด
3690,เพรียว
3691,เพลส
3692,เพลิง
3693,เพลิน
3694,เพลีย
3695,เพลโต
3696,เพิกถอน
3697,เพิ่อน
3698,เพิ่อนคน
3699,เพียว
3700,เพือ
3701,เพือน
3702,เพ็ด
3703,เพ้นท์
3704,เพ้อ
3705,เฟ
3706,เฟช
3707,เฟซ
3708,เฟด
3709,เฟยหง
3710,เฟรข
3711,เฟรช
3712,เฟรน
3713,เฟรนซ์ฟ
3714,เฟล
3715,เฟส
3716,เฟสคน
3717,เฟอร์
3718,เฟิน
3719,เฟิส
3720,เฟ่
3721,เฟ๊ส
3722,เม
3723,เมกะ
3724,เมตร
3725,เมตริก
3726,เมท
3727,เมน
3728,เมย์
3729,เมรุ
3730,เมลล์
3731,เมะ
3732,เมา
3733,เมาท์
3734,เมิง
3735,เมิน
3736,เมินเฉย
3737,เมีย
3738,เมือ
3739,เมืองขึ้น
3740,เมืองเปิด
3741,เมื่อกี้
3742,เมื่อก่อน
3743,เมื่อคืน
3744,เมื่อย
3745,เมื่อวันก่อน
3746,เมื่อวาน
3747,เมื่อเช้า
3748,เมื่อไหร่
3749,เม็ด
3750,เม่
3751,เม้น
3752,เม้า
3753,เย
3754,เยอ
3755,เยอะ
3756,เยอะแยะ
3757,เยิ้ม
3758,เยีย
3759,เยียว
3760,เยี่ย
3761,เยี่ยง
3762,เยื่อ
3763,เยื่อใย
3764,เยื้อง
3765,เย็ด
3766,เย็นชา
3767,เย็นสบาย
3768,เย่
3769,เย้
3770,เร
3771,เรด
3772,เรท
3773,เรน
3774,เรย
3775,เรส
3776,เรอ
3777,เรอะ
3778,เราะ
3779,เริ่มใหม่
3780,เริ่อง
3781,เรีย
3782,เรียกตัว
3783,เรียกหา
3784,เรียนถาม
3785,เรียร
3786,เรียว
3787,เรืยน
3788,เรื่อ
3789,เรื่องมาก
3790,เรื้อ
3791,เรเน
3792,เร่
3793,เร่งรีบ
3794,เร่ร่อน
3795,เร้ก
3796,เร้นลับ
3797,เร้ยน
3798,เร้ยรช
3799,เร๊ว
3800,เล
3801,เลก
3802,เลค
3803,เลต
3804,เลท
3805,เลน
3806,เลบ
3807,เลป
3808,เลยเวลา
3809,เลส
3810,เลสมั้ง
3811,เลอ
3812,เลอะ
3813,เลา
3814,เลิด
3815,เลิฟ
3816,เลิ้บ
3817,เลิ้ป
3818,เลิ้ปมช
3819,เลียง
3820,เลียบ
3821,เลี่ยง
3822,เลี่ยม
3823,เลี้ยงดู
3824,เลี้ยว
3825,เลี้ยวซ้าย
3826,เลือกไม่ได้
3827,เลือน
3828,เลื่อง
3829,เลื่องชื่อ
3830,เลื้อย
3831,เล็ง
3832,เล็บ
3833,เล่
3834,เล่ย
3835,เล่ยผม
3836,เล่า
3837,เล้ง
3838,เล้น
3839,เล้นท์
3840,เล้ย
3841,เล้า
3842,เล๊ย
3843,เล๋ย
3844,เว
3845,เวค
3846,เวง
3847,เวช
3848,เวณ
3849,เวท
3850,เวที
3851,เวน
3852,เวฟ
3853,เวร
3854,เวล
3855,เวศก
3856,เวส
3857,เวสต์
3858,เวอ
3859,เวอร์
3860,เวิค
3861,เวิร์ค
3862,เวิร์ด
3863,เวิร์ล
3864,เวิล
3865,เวิล์ด
3866,เวียก
3867,เวียนหัว
3868,เว็บขอ
3869,เว็ป
3870,เว่ย
3871,เว่ยย
3872,เว่อ
3873,เว่อร์
3874,เว้ย
3875,เว๊น
3876,เศ้
3877,เส
3878,เสด
3879,เสน
3880,เสนอตัว
3881,เสนอหน้า
3882,เสมอกัน
3883,เสมอต้นเสมอปลาย
3884,เสมอมา
3885,เสร่อ
3886,เสวย
3887,เสารี
3888,เสิต
3889,เสิร์ท
3890,เสียจัย
3891,เสียดาย
3892,เสียที
3893,เสียใจ
3894,เสี่ย
3895,เสี่ยง
3896,เสี่ยว
3897,เสี้ยง
3898,เสือก
3899,เสื่อ
3900,เส็งเคร็ง
3901,เส็ด
3902,เส็น
3903,เส่ะ
3904,เส้
3905,เส้ด
3906,เส้า
3907,เห
3908,เหงา
3909,เหงาหงอย
3910,เหนอะ
3911,เหนียง
3912,เหนียว
3913,เหนียวแน่น
3914,เหน็บ
3915,เหมา
3916,เหมาะกับ
3917,เหมือนก่อน
3918,เหมือนว่า
3919,เหมือนเคย
3920,เหม่อ
3921,เหม่อลอย
3922,เหย
3923,เหยาะ
3924,เหยิบ
3925,เหยียด
3926,เหยียบ
3927,เหยื่อ
3928,เหรอ
3929,เหลา
3930,เหลือขอ
3931,เหลือง
3932,เหลือใจ
3933,เหวี่ยง
3934,เหอะ
3935,เหียะ
3936,เหี่ยวเฉา
3937,เห็นคุณค่า
3938,เห็นด้วย
3939,เห็นที
3940,เห็นแก่ตัว
3941,เห็นแย้ง
3942,เห่
3943,เห่อ
3944,เห้
3945,เห้น
3946,เห้ย
3947,เห้อ
3948,เห้า
3949,เอ
3950,เอฟ
3951,เอม
3952,เอย
3953,เอว
3954,เอส
3955,เออ
3956,เออะ
3957,เอะใจ
3958,เอา
3959,เอาคืน
3960,เอาจริง
3961,เอาชีวิต
3962,เอาละ
3963,เอาหน้า
3964,เอาะ
3965,เอาเรื่อง
3966,เอาแต่
3967,เอาใจเขามาใส่ใจเรา
3968,เอิณ
3969,เอิร์น
3970,เอิ่ม
3971,เอียด
3972,เอียน
3973,เอี้ย
3974,เอี้ยว
3975,เอแบค
3976,เอ็กซ์
3977,เอ็น
3978,เอ่ย
3979,เอ่อ
3980,เอ้
3981,เอ้ย
3982,เอ้อ
3983,เอ้ะ
3984,เอ้า
3985,เอ้างง
3986,เอ้าท์
3987,เอ้ามึ้ง
3988,เอ้าะ
3989,เอ๊
3990,เอ๊ย
3991,เอ๊ะ
3992,เอ๋ย
3993,เอ๋อ
3994,เฮ
3995,เฮฮา
3996,เฮิท
3997,เฮิร์ท
3998,เฮีย
3999,เฮี้ยน
4000,เฮือก
4001,เฮ้
4002,เฮ้ย
4003,เฮ้อ
4004,เฮ้าส์
4005,เี้ย
4006,เ์
4007,แก
4008,แกก็ชอบ
4009,แกก็มา
4010,แกก็หาย
4011,แกน
4012,แกนะ
4013,แกรก
4014,แกร็บ
4015,แกลน
4016,แกล้ง
4017,แกล้งทำ
4018,แก็ป
4019,แก่ตัว
4020,แก่น
4021,แก้ม
4022,แก้เผ็ด
4023,แก้ไขปัญหา
4024,แก๊ก
4025,แก๊ง
4026,แข
4027,แขม
4028,แขวน
4029,แขวะ
4030,แข็งใจ
4031,แข่ง
4032,แข้
4033,แค
4034,แคป
4035,แครง
4036,แคระ
4037,แคร์
4038,แคว
4039,แควร์
4040,แคะ
4041,แง
4042,แงะ
4043,แง่
4044,แง่ง
4045,แง่ดี
4046,แง้
4047,แง้ว
4048,แง้ะ
4049,แจ
4050,แจบ
4051,แจม
4052,แจ็ก
4053,แจ็ค
4054,แจ๊
4055,แจ๊ะ
4056,แช
4057,แชท
4058,แชร์
4059,แช่น้ำ
4060,แช้ว
4061,แซ
4062,แซก
4063,แซง
4064,แซด
4065,แซล็ค
4066,แซว
4067,แซะ
4068,แด
4069,แดดออก
4070,แด็ด
4071,แด่
4072,แด๊ด
4073,แด๊ดดี้
4074,แตน
4075,แตม
4076,แตมป์
4077,แตมม
4078,แตอร์
4079,แตา
4080,แต่ต้นจนจบ
4081,แต่บางที
4082,แต่ยังไง
4083,แต่ละคน
4084,แต่ละวัน
4085,แต่เช้า
4086,แต้
4087,แต้ม
4088,แต๊ะ
4089,แถ
4090,แถบ
4091,แทก
4092,แทค
4093,แทบจะ
4094,แทบตาย
4095,แทะ
4096,แท็ก
4097,แท็ค
4098,แท็มเล็ต
4099,แท่ง
4100,แท้
4101,แท๊กซึ่
4102,แนค
4103,แนคขอ
4104,แนน
4105,แนพ
4106,แนำ
4107,แน่วแน่
4108,แน้
4109,แน้ม
4110,แน้ว
4111,แน้อยจน
4112,แบ
4113,แบด
4114,แบน
4115,แบบ
4116,แบบนี้
4117,แบบผม
4118,แบ้
4119,แป
4120,แปด
4121,แปดเปื้อน
4122,แปบ
4123,แปลก
4124,แปลกที่
4125,แปะ
4126,แป้ก
4127,แป้น
4128,แป้ป
4129,แป๊บ
4130,แป๊ป
4131,แผบ
4132,แผ่ว
4133,แพ
4134,แพท
4135,แพรก
4136,แพ่ง
4137,แพ้
4138,แฟกซ์
4139,แฟก็ห้าม
4140,แฟม
4141,แฟร์
4142,แม
4143,แมค
4144,แมท
4145,แมทบู
4146,แมน
4147,แมพ
4148,แมพอิ้ง
4149,แมม
4150,แมร่ง
4151,แมส
4152,แมะ
4153,แม็ก
4154,แม่น
4155,แม้ะ
4156,แย
4157,แยกย้าย
4158,แยะ
4159,แยาก
4160,แยู่
4161,แย่
4162,แย่ง
4163,แย่งชิง
4164,แย่จัง
4165,แย้
4166,แย้ง
4167,แร
4168,แรกเกิด
4169,แรมปี
4170,แระ
4171,แร้ง
4172,แร้ว
4173,แล
4174,แลก
4175,แลบ
4176,แล่
4177,แล้
4178,แล้ง
4179,แล้วไป
4180,แล๋ว
4181,แว
4182,แวก
4183,แวกข
4184,แวบ
4185,แวร์วูล์ฟ
4186,แวะ
4187,แว็กซ์ข
4188,แว่
4189,แว้
4190,แว้บ
4191,แว๊
4192,แว๊บ
4193,แส
4194,แสดงตน
4195,แสดงตัว
4196,แสดงว่า
4197,แสตป์
4198,แสนรู้
4199,แสบ
4200,แห
4201,แหก
4202,แหม
4203,แหม่
4204,แหลก
4205,แหล่
4206,แหล่ง
4207,แหวก
4208,แหวน
4209,แหวะ
4210,แหว่ง
4211,แหะ
4212,แห่
4213,แห่งชาติ
4214,แห้งผาก
4215,แห้ว
4216,แอ
4217,แอด
4218,แอน
4219,แอบ
4220,แอบมอง
4221,แอบอ้าง
4222,แอม
4223,แอร์
4224,แออัด
4225,แอ้
4226,แอ๊บ
4227,แอ๊ว
4228,แอ๊ะ
4229,แฮ
4230,แฮงค์
4231,แฮะ
4232,แฮ่
4233,แฮ้ง
4234,แฮ๊
4235,แะ
4236,แา
4237,แเ้้เแแ
4238,โก
4239,โกน
4240,โกะ
4241,โข
4242,โขน
4243,โค
4244,โคตร
4245,โคตะระ
4246,โคน
4247,โคล
4248,โค่
4249,โค๊นน
4250,โฆ
4251,โง่
4252,โง้ย
4253,โง้ยยนนยน
4254,โจมตี
4255,โจี
4256,โจ้
4257,โฉด
4258,โชค
4259,โชคดี
4260,โชน
4261,โซ
4262,โด
4263,โดดเดี่ยว
4264,โดดเดี่ยวเดียวดาย
4265,โดน
4266,โดยบังเอิญ
4267,โดร
4268,โดะ
4269,โตน
4270,โตนด
4271,โตมา
4272,โต้
4273,โต้ะ
4274,โท
4275,โทด
4276,โทน
4277,โทร
4278,โทรม
4279,โทษ
4280,โน
4281,โน่
4282,โน่น
4283,โน้ต
4284,โน้น
4285,โน๊ะ
4286,โบ
4287,โบก
4288,โบกมือ
4289,โบยบิน
4290,โบ้
4291,โบ๊เบ๊
4292,โป
4293,โปรด
4294,โปรย
4295,โปส
4296,โปเก
4297,โปโล
4298,โป่ง
4299,โป้ง
4300,โป๊
4301,โป๊ะ
4302,โผ
4303,โผล่
4304,โพ
4305,โฟ
4306,โฟลค
4307,โฟไลด์
4308,โม
4309,โมก
4310,โมง
4311,โมะ
4312,โม่
4313,โม๊ค
4314,โย
4315,โยน
4316,โยนทิ้ง
4317,โย่ง
4318,โย่ว
4319,โย่วว
4320,โร
4321,โรจน์
4322,โรแมนติก
4323,โล
4324,โลกาภิวัฒน์
4325,โลภ
4326,โลละ
4327,โล่ง
4328,โล้
4329,โว
4330,โวย
4331,โวยวาย
4332,โว่
4333,โว้คอัพไลค์
4334,โว้ย
4335,โว๊น
4336,โว๊ย
4337,โว๊ะ
4338,โส
4339,โสด
4340,โสมนัส
4341,โห
4342,โหด
4343,โหน
4344,โหม
4345,โหมด
4346,โหย
4347,โหยหา
4348,โห่
4349,โห้ว
4350,โอ
4351,โอย
4352,โอรส
4353,โอเค
4354,โอเรียล
4355,โอ่
4356,โอ้ย
4357,โอ้ะ
4358,โอ้โห
4359,โอ๊ย
4360,โอ๊ะ
4361,โอ๋
4362,โฮ
4363,โฮก
4364,ใกลม
4365,ใก้
4366,ใข้
4367,ใค
4368,ใคก้
4369,ใคน
4370,ใคพอ
4371,ใครก็ได้
4372,ใครคนหนึ่ง
4373,ใครต่อใคร
4374,ใคา
4375,ใค้
4376,ใง
4377,ใจกล้า
4378,ใจง่าย
4379,ใจจะขาด
4380,ใจชื้น
4381,ใจตรงกัน
4382,ใจถึง
4383,ใจฝ่อ
4384,ใจมา
4385,ใจรัก
4386,ใจร้าย
4387,ใจสั่น
4388,ใจหาย
4389,ใจอ่อน
4390,ใจเดียว
4391,ใจเต้น
4392,ใจเบา
4393,ใจเย็น
4394,ใจแคบ
4395,ใจไม่ดี
4396,ใจ๋
4397,ใช
4398,ใช่ปะ
4399,ใช่ไหม
4400,ใช้กับ
4401,ใช้เวลานาน
4402,ใช้แล้ว
4403,ใช้ใบ
4404,ใช้ไม่ได้
4405,ใด้
4406,ใด้เนืิ่อง
4407,ใด๋
4408,ใต
4409,ในอนาคต
4410,ในเวลานี้
4411,ใบ้
4412,ใม
4413,ใย
4414,ใว้
4415,ใส่รหัส
4416,ใส่ใจ
4417,ใส้
4418,ให
4419,ใหญ
4420,ใหน
4421,ใหนคน
4422,ใหม
4423,ใหย่
4424,ให้การ
4425,ให้คะแนน
4426,ให้สัญญาณ
4427,ให้อภัย
4428,ให้เหตุผล
4429,ให้โอกาส
4430,ไ
4431,ไก
4432,ไก้
4433,ไขว้
4434,ไข้
4435,ไข้ใจ
4436,ไฃ
4437,ไค
4438,ไง้
4439,ไง๊
4440,ไจ
4441,ไช
4442,ไชย
4443,ไช่
4444,ไซ
4445,ไซ่
4446,ได่
4447,ได้ขนาด
4448,ได้คืน
4449,ได้ดิบได้ดี
4450,ได้ดี
4451,ได้ที
4452,ได้ที่
4453,ได้ยิน
4454,ได้ราคา
4455,ได้รูป
4456,ได้เวลา
4457,ไตร
4458,ไตร่ตรอง
4459,ไถ
4460,ไท
4461,ไทร
4462,ไท้
4463,ไน
4464,ไบ
4465,ไบร์ทนอ
4466,ไปดู
4467,ไปมา
4468,ไปเที่ยว
4469,ไปเป็นเพื่อน
4470,ไป๊
4471,ไผ
4472,ไฝ
4473,ไพ
4474,ไพร
4475,ไม
4476,ไมตรี
4477,ไมพอ
4478,ไมม
4479,ไมเคิล
4480,ไมโคร
4481,ไม่กระตือรือร้น
4482,ไม่กล้า
4483,ไม่คู่ควร
4484,ไม่งั้น
4485,ไม่จริงใจ
4486,ไม่จำเป็น
4487,ไม่ชัด
4488,ไม่ต้อง
4489,ไม่ต้องการ
4490,ไม่ทราบ
4491,ไม่ทัน
4492,ไม่ทันเวลา
4493,ไม่ทำงาน
4494,ไม่ธรรมดา
4495,ไม่นาน
4496,ไม่น่า
4497,ไม่น่ารัก
4498,ไม่น้อย
4499,ไม่บ่อย
4500,ไม่ปลอดภัย
4501,ไม่พอ
4502,ไม่พอใจ
4503,ไม่พูดถึง
4504,ไม่มีปัญหา
4505,ไม่มีวัน
4506,ไม่มีสติ
4507,ไม่มีหัว
4508,ไม่มีเวลา
4509,ไม่มีเหตุผล
4510,ไม่มีแรง
4511,ไม่มีใคร
4512,ไม่ยอม
4513,ไม่ยอมรับ
4514,ไม่ยาก
4515,ไม่รอด
4516,ไม่รู้
4517,ไม่ลืม
4518,ไม่ว่าง
4519,ไม่สน
4520,ไม่สบาย
4521,ไม่สบายใจ
4522,ไม่สมควร
4523,ไม่สำคัญ
4524,ไม่สุภาพ
4525,ไม่อยู่
4526,ไม่อั้น
4527,ไม่เกี่ยว
4528,ไม่เก่ง
4529,ไม่เข้าใครออกใคร
4530,ไม่เข้าใจ
4531,ไม่เคย
4532,ไม่เชื่อ
4533,ไม่เชื่อใจ
4534,ไม่เปิดเผย
4535,ไม่เป็นใจ
4536,ไม่เป็นไร
4537,ไม่เลย
4538,ไม่เสร็จ
4539,ไม่เหมาะสม
4540,ไม่เห็นค่า
4541,ไม่เอา
4542,ไม่แคร์
4543,ไม่แน่
4544,ไม่แน่ใจ
4545,ไม่ใช่เล่น
4546,ไม่ใส่ใจ
4547,ไม่ได้ตั้งใจ
4548,ไม่ไว้ใจ
4549,ไม่ไหว
4550,ไม๊
4551,ไย
4552,ไร
4553,ไร้ค่า
4554,ไร้จุดหมาย
4555,ไร้สาย
4556,ไร๊
4557,ไล
4558,ไลน๋เบย
4559,ไลฟ์ลง
4560,ไลเนอร์
4561,ไล่ตาม
4562,ไล่น้ำ
4563,ไส
4564,ไหนล่ะ
4565,ไหนว่า
4566,ไหนว่าจะ
4567,ไหม
4568,ไหล่
4569,ไหว
4570,ไหวตัว
4571,ไห้
4572,ไอ
4573,ไอตัว
4574,ไอ่
4575,ไอ้
4576,ไอ้บ้า
4577,ไีร
4578,ไเ้
4579,ไ้
4580,ไ้ด้
4581,่
4582,่า
4583,่าน
4584,้
4585,์
4586,์ก
4587,์ค
4588,์ณ
4589,์ท
4590,์ป
4591,์ปคน
4592,์ฟ
4593,์มธ
4594,์ย
4595,์อฟ
4596,์เฟส
4597,4
4598,5
4599,9
4600,a
4601,aa
4602,ab
4603,abc
4604,abiky
4605,ac
4606,acai
4607,accytu
4608,acer
4609,ad
4610,add
4611,adddrop
4612,addidas
4613,adidas
4614,adj
4615,admin
4616,ads
4617,aduckk
4618,ae
4619,after
4620,airline
4621,ais
4622,alex
4623,alife
4624,all
4625,alotofstory
4626,alvvays
4627,alway
4628,always
4629,am
4630,amadeus
4631,amal
4632,i
4633,ams
4634,an
4635,analchem
4636,anat
4637,and
4638,andfriends
4639,animallover
4640,annm
4641,anonymous
4642,aomg
4643,apl
4644,app
4645,applemusic
4646,applepen
4647,appwar
4648,appzon
4649,arinet
4650,arinetcu
4651,around
4652,artbox
4653,arts
4654,as
4655,asian
4656,assasin
4657,asus
4658,at
4659,atm
4660,aua
4661,auditions
4662,autocad
4663,b
4664,ba
4665,baan
4666,baanindy
4667,baankoom
4668,baantu
4669,baanyim
4670,backtoschool
4671,bad
4672,balac
4673,bangkhen
4674,bangna
4675,bantu
4676,barcode
4677,basbmcibmirbebbaiacibmpspdseasppepbic
4678,bb
4679,bbq
4680,be
4681,bec
4682,been
4683,begun
4684,better
4685,big
4686,bikkemberg
4687,biky
4688,bio
4689,biochem
4690,bjm
4691,blaming
4692,bluepay
4693,bmmf
4694,bnk
4695,bonchon
4696,bonjourrrr
4697,bonmhee
4698,botox
4699,botoxfat
4700,bowen
4701,boys
4702,british
4703,bs
4704,bsballsirins
4705,bts
4706,btsmrt
4707,bu
4708,bunditlife
4709,burapha
4710,busem
4711,busfin
4712,c
4713,ca
4714,cactus
4715,cafe
4716,casa
4717,cd
4718,ce
4719,central
4720,centralworld
4721,cf
4722,chama
4723,chanel
4724,charn
4725,cheerclub
4726,cheeva
4727,cheevit
4728,chem
4729,chkssdr
4730,christmas
4731,chula
4732,chulassicpark
4733,chulawifi
4734,cigarettes
4735,cir
4736,cityinter
4737,civ
4738,clinda
4739,clinomania
4740,cmecc
4741,cognitionlanguage
4742,coldplay
4743,com
4744,commde
4745,complicated
4746,conan
4747,condit
4748,condo
4749,consultants
4750,cont
4751,cosmetic
4752,cosmetics
4753,councils
4754,counsil
4755,cpird
4756,cplus
4757,craig
4758,credeex
4759,crtwitter
4760,crysis
4761,cryyy
4762,cs
4763,csgo
4764,csr
4765,css
4766,ctf
4767,ctw
4768,cu
4769,culi
4770,cunex
4771,cuteboy
4772,cutec
4773,cutep
4774,cutmc
4775,cv
4776,d
4777,daily
4778,dailyespresso
4779,dbtm
4780,dcondo
4781,ddp
4782,ddu
4783,de
4784,deadpixel
4785,deekanna
4786,dek
4787,dektu
4788,deleted
4789,dhl
4790,dict
4791,did
4792,digi
4793,direct
4794,disneyland
4795,dj
4796,djejsjs
4797,dm
4798,dna
4799,dnd
4800,dochristmas
4801,double
4802,down
4803,drawing
4804,dslr
4805,dtac
4806,du
4807,dvd
4808,dysania
4809,e
4810,ea
4811,eap
4812,eastern
4813,eatwith
4814,eb
4815,ebay
4816,ebm
4817,ec
4818,econ
4819,ed
4820,edm
4821,ee
4822,eeba
4823,effective
4824,eg
4825,eggo
4826,eikkiwstory
4827,eingeing
4828,el
4829,elective
4830,electromagnetic
4831,em
4832,emb
4833,ems
4834,en
4835,eng
4836,english
4837,es
4838,ete
4839,eveandboy
4840,exclusive
4841,exo
4842,exp
4843,expeng
4844,expo
4845,f
4846,fa
4847,facbook
4848,facebook
4849,factsaboutme
4850,far
4851,fb
4852,fbbitec
4853,fbt
4854,fc
4855,fd
4856,featuring
4857,feeling
4858,fetishthailand
4859,ff
4860,filmmy
4861,final
4862,first
4863,firstjobber
4864,firstpicofmycameratoday
4865,fl
4866,flukepnp
4867,fn
4868,folksong
4869,follow
4870,follows
4871,for
4872,foucault
4873,foxing
4874,fr
4875,free
4876,freshmenquestion
4877,freshy
4878,freshygames
4879,friends
4880,friendzone
4881,from
4882,fundcom
4883,funfact
4884,futureparkrangsit
4885,fwb
4886,fx
4887,galatio
4888,gamer
4889,games
4890,gb
4891,ged
4892,gedgegprs
4893,gems
4894,genchem
4895,gened
4896,gengenetics
4897,germany
4898,get
4899,gg
4900,ghibli
4901,gigihadid
4902,glowfish
4903,gm
4904,gmat
4905,go
4906,goingoncloud
4907,good
4908,goodbye
4909,goodnight
4910,google
4911,gps
4912,grand
4913,green
4914,griano
4915,grouponeintothejungle
4916,gta
4917,gu
4918,gyoza
4919,hahahahahahah
4920,hallo
4921,happened
4922,happening
4923,harajuku
4924,harshtruth
4925,has
4926,hashtag
4927,havaianas
4928,have
4929,hbd
4930,hcg
4931,hcugugu
4932,healthy
4933,hec
4934,helll
4935,hi
4936,high
4937,higher
4938,highschool
4939,hihi
4940,hiphop
4941,hiv
4942,hjkoiiitest
4943,hlth
4944,ho
4945,holaaaaa
4946,hopestory
4947,hotto
4948,how
4949,howto
4950,howtobehealthy
4951,hr
4952,hs
4953,humanrelation
4954,hwpd
4955,hx
4956,hz
4957,i
4958,icare
4959,icepadie
4960,id
4961,identityv
4962,ideo
4963,ielts
4964,ig
4965,ihouse
4966,ii
4967,ikea
4968,ilustrator
4969,immunodiffusion
4970,in
4971,inbox
4972,inda
4973,indesign
4974,infor
4975,innisfree
4976,instagram
4977,intanianews
4978,integratedmath
4979,international
4980,internet
4981,interpark
4982,interparkcitypark
4983,into
4984,intro
4985,ios
4986,ip
4987,ipad
4988,iphone
4989,iphones
4990,ipsa
4991,ir
4992,is
4993,isc
4994,isfeelingsad
4995,it
4996,itfeelstory
4997,its
4998,itune
4999,iup
5000,iwatch
5001,j
5002,ja
5003,jaaa
5004,jaabhamu
5005,jajajaree
5006,jc
5007,jcas
5008,jccinema
5009,jcphotography
5010,jesuismessy
5011,jj
5012,joox
5013,jp
5014,jpark
5015,kangdaniel
5016,kayaking
5017,kbank
5018,kbps
5019,kcon
5020,keep
5021,kenneth
5022,kfc
5023,khalid
5024,kiwin
5025,kmitl
5026,kmutt
5027,know
5028,ko
5029,kodaline
5030,korea
5031,korean
5032,kpop
5033,krisada
5034,krum
5035,ktb
5036,ku
5037,kuexite
5038,kuwin
5039,l
5040,la
5041,lany
5042,late
5043,lawchula
5044,lawson
5045,lc
5046,lcd
5047,lcis
5048,lect
5049,lecturexzon
5050,led
5051,leo
5052,let
5053,letters
5054,liberal
5055,lindis
5056,linetipqucs
5057,lingkongolf
5058,linguistic
5059,lipta
5060,listeningspeaking
5061,lo
5062,locked
5063,loftloft
5064,lol
5065,lonelyplanet
5066,long
5067,low
5068,lt
5069,luckcrtan
5070,lv
5071,lw
5072,lyn
5073,m
5074,ma
5075,macbook
5076,mahanakorn
5077,mahidol
5078,main
5079,mamuangscoolfact
5080,manu
5081,mapinknherblue
5082,marshamoon
5083,max
5084,maystory
5085,mbk
5086,mbps
5087,mc
5088,mcdonald
5089,mcthammasat
5090,mctu
5091,mdf
5092,me
5093,med
5094,medtech
5095,meeeeeeeee
5096,mega
5097,megaman
5098,mellyjung
5099,memer
5100,mendes
5101,messenge
5102,mfu
5103,mhee
5104,micky
5105,midterm
5106,midtermcrisis
5107,midtermcry
5108,mildcoffee
5109,minecraft
5110,mircroecon
5111,mirrorless
5112,misch
5113,mk
5114,mkfinal
5115,mkt
5116,mlkcontent
5117,modern
5118,mooktanyaa
5119,moontothesun
5120,more
5121,moremoreshopp
5122,mountrin
5123,mrt
5124,mt
5125,mu
5126,much
5127,muesli
5128,muic
5129,muji
5130,must
5131,my
5132,myfeeling
5133,myosotis
5134,myself
5135,na
5136,natural
5137,nc
5138,nct
5139,near
5140,neoybyn
5141,netflix
5142,ngv
5143,nike
5144,nmd
5145,nobuna
5146,noc
5147,not
5148,noti
5149,notifi
5150,now
5151,nox
5152,ns
5153,nugirl
5154,numerical
5155,obike
5156,oeg
5157,of
5158,officially
5159,ofo
5160,oh
5161,old
5162,om
5163,one
5164,oneday
5165,onedaywith
5166,onefactaboutme
5167,online
5168,only
5169,oo
5170,open
5171,openbook
5172,openhouse
5173,oph
5174,or
5175,orlando
5176,orzstory
5177,other
5178,otp
5179,our
5180,over
5181,overviw
5182,p
5183,pacamara
5184,pantip
5185,pantone
5186,parttime
5187,pattypattarintunews
5188,pb
5189,pbic
5190,pdf
5191,pe
5192,pecil
5193,ph
5194,phich
5195,philophobia
5196,photolab
5197,photoshop
5198,phy
5199,physio
5200,piakpoonthebunny
5201,pinkmoon
5202,playlist
5203,plc
5204,pleaseeee
5205,pleaseeeeeeee
5206,pls
5207,plssss
5208,plus
5209,plutoisme
5210,plz
5211,pm
5212,pn
5213,pnru
5214,po
5215,polloftheday
5216,pollzon
5217,pollzonmidterm
5218,polycat
5219,ponggg
5220,pongsapak
5221,poohbear
5222,potiono
5223,powerpoint
5224,ppap
5225,ppinkqx
5226,ppoomtpc
5227,pr
5228,precamp
5229,premiere
5230,prix
5231,pruekv
5232,ps
5233,psmtu
5234,pt
5235,ptodarae
5236,pubg
5237,pubmed
5238,py
5239,pypy
5240,q
5241,qr
5242,quotes
5243,r
5244,raisains
5245,ramkamhang
5246,ramkhamhang
5247,rb
5248,reasons
5249,regtu
5250,rela
5251,relations
5252,relationships
5253,resterday
5254,reviewgened
5255,rich
5256,richythailand
5257,ripchester
5258,rooftop
5259,roots
5260,ror
5261,rov
5262,rs
5263,rt
5264,russian
5265,s
5266,sa
5267,safe
5268,safezone
5269,saisawathtoetamvai
5270,sakon
5271,saradeetoday
5272,sathorn
5273,say
5274,sc
5275,scg
5276,sci
5277,scjc
5278,scl
5279,scotlandhogwarts
5280,scott
5281,scxxx
5282,searching
5283,seas
5284,secs
5285,selfesteem
5286,sephora
5287,serial
5288,serious
5289,shabu
5290,shater
5291,shinkanzen
5292,shiseido
5293,shopee
5294,shots
5295,showbookingcom
5296,shu
5297,shutle
5298,shuttel
5299,shuttlebus
5300,si
5301,siamzone
5302,siit
5303,sim
5304,simon
5305,sims
5306,singazon
5307,singumtu
5308,siri
5309,sithangsookdamrong
5310,skincare
5311,skydome
5312,skyview
5313,smoremiumakeup
5314,smormiumakeup
5315,smtu
5316,smule
5317,sn
5318,sneakavilla
5319,so
5320,soccul
5321,sodiumpotassium
5322,sogood
5323,songs
5324,sony
5325,sotus
5326,soundcloud
5327,special
5328,spelling
5329,splugy
5330,spotify
5331,spst
5332,ss
5333,ssc
5334,st
5335,starbucks
5336,stardew
5337,startup
5338,stat
5339,statt
5340,still
5341,stokes
5342,storetunews
5343,storylog
5344,stronggg
5345,structuree
5346,sunta
5347,superbluebloodmoon
5348,superzoom
5349,supporting
5350,sw
5351,sweetduck
5352,swensen
5353,swype
5354,t
5355,ta
5356,tama
5357,tcas
5358,tctc
5359,teamchula
5360,teamthammasat
5361,teddy
5362,tedt
5363,telannas
5364,tep
5365,tepe
5366,teptepe
5367,teraoka
5368,th
5369,thai
5370,thaicom
5371,thailand
5372,thammasat
5373,thaprachanant
5374,the
5375,thecm
5376,thegifted
5377,through
5378,thru
5379,thx
5380,tii
5381,to
5382,toeic
5383,tom
5384,tontun
5385,too
5386,topik
5387,toyota
5388,tpcnews
5389,trans
5390,triam
5391,TRUE
5392,tsu
5393,tt
5394,ttfinals
5395,tu
5396,tuband
5397,tucl
5398,tucouncil
5399,tucuteboy
5400,tudiary
5401,tudio
5402,tudome
5403,tufolksong
5404,tuget
5405,tumc
5406,tunew
5407,tunews
5408,tupicnow
5409,tuquiz
5410,tusexyboy
5411,tusosa
5412,tustar
5413,tutorzon
5414,tutv
5415,tuzonstyle
5416,twintown
5417,twstndsjsskswkwkeekeiekedddddddkekeeekdkdddmmkemeekekeekeedmdememmememe
5418,twt
5419,tydmmm
5420,u
5421,uber
5422,udom
5423,uhouse
5424,umai
5425,unsend
5426,up
5427,updated
5428,usa
5429,usb
5430,username
5431,usquare
5432,ustore
5433,uu
5434,uuuuuuuuuuu
5435,va
5436,vanda
5437,varn
5438,vataniti
5439,viafahoop
5440,vidha
5441,vidyamaleaw
5442,vines
5443,vip
5444,vitsanookrontua
5445,viu
5446,vivo
5447,vivobook
5448,vjfhgc
5449,vkp
5450,voiceguys
5451,vs
5452,w
5453,wanna
5454,wannable
5455,wannaone
5456,wanttt
5457,warntorforever
5458,warpchulalongkorn
5459,warpkasetsart
5460,waterzonic
5461,watson
5462,weeknddd
5463,westgate
5464,what
5465,wheels
5466,why
5467,wifi
5468,will
5469,wootybell
5470,wordpowerpoint
5471,workinglife
5472,would
5473,writing
5474,wtf
5475,wwoofer
5476,wwwkingramath
5477,xa
5478,xl
5479,xmas
5480,xoxo
5481,xs
5482,xt
5483,xxx
5484,yaoi
5485,yatask
5486,yeezy
5487,yello
5488,yellowtalk
5489,yelo
5490,yoryorstory
5491,you
5492,youtube
5493,ysl
5494,yy
5495,zamzon
5496,zico
5497,zlatan
5498,zon
5499,zoncu
5500,zonetu
5501,zonnnnnn
5502,zonofthebitch
5503,zontu
5504,zytec
5505,zz
