word,label
กก,
กขน,
กค,
กง,
กซ์,
กฎ,
กฎหมาย,1
กฎเกณฑ์,1
กฏ,
กดดัน,
กดปุ่ม,
กดหัว,
กท,
กทม,
กน,
กนก,
กบ,
กปิ,
กพส,
กฟดกสดสฟฟสดสกสห,
กม,
กยศ,
กร,
กรก,
กรกฎาคม,1
กรง,
กรณี,
กรน,
กรม,
กรมท่า,1
กรมสุขภาพจิต,1
กรร,
กรรณิการ์,1
กรรม,
กรรมการ,1
กรรมตามสนอง,
กรรไกร,1
กรอ,
กรอบ,1
กระ,
กระจก,1
กระจกหลัง,1
กระจง,
กระจับ,1
กระฉูด,
กระชุ่มกระชวย,
กระดาษ,1
กระดิ่ง,1
กระดุม,1
กระดูก,1
กระติก,1
กระติกน้ำร้อน,1
กระตุก,
กระต่าย,1
กระถาง,
กระทรวง,1
กระทรวงกลาโหม,1
กระทรวงมหาดไทย,1
กระทะ,1
กระทา,1
กระทิง,1
กระทืบ,
กระทุ่ม,
กระทู้ถาม,1
กระบวน,
กระบวนการ,1
กระบองเพชร,1
กระบี่,1
กระป๋อง,1
กระผม,1
กระพริบตา,
กระลา,1
กระวนกระวาย,
กระสือ,1
กระหาย,
กระเซอะกระเซิง,
กระเซ็น,
กระเด็น,
กระเทียม,1
กระเป๋า,1
กระเป๋าสะพาย,1
กระเพาะ,1
กระเพาะปลา,1
กระเพาะอาหาร,1
กระแดะ,
กระแส,
กระโปรง,1
กรัก,
กรัง,
กราด,
กราน,
กราบ,
กราบพระ,1
กราบลา,
กราฟ,1
กราฟฟิก,1
กราม,
กริบ,
กริ๊ส,
กรีด,
กรีดร้อง,
กรีน,
กรี๊ด,
กรี๊ส,
กรุก,
กรุง,
กรุงธน,1
กรุงเทพมหานคร,1
กรุงเทพฯ,1
กรุงไทย,1
กรุบ,
กรุ๊ป,
กร่อย,
กร่าง,
กร้อ,
กร้าน,
กฤช,
กฤษฎา,
กล,
กลบ,
กลอง,
กลอน,1
กลัดกระดุม,
กลับ,
กลับด้าน,
กลับบ้าน,
กลับเป็น,
กลั้น,
กลั้นใจ,
กลา,
กลางคน,
กลางคัน,
กลางคืน,1
กลางวัน,1
กลางเดือน,1
กลางเมือง,1
กลางแดด,1
กลาด,
กลาโหม,1
กลิ่น,
กลืน,
กลืนน้ำลาย,
กลืนน้ำลายตัวเอง,
กลุ่ม,1
กลุ่มคน,1
กลุ่มทำงาน,1
กลูต้า,
กล่อง,1
กล่อม,
กล้ว,
กล้วย,1
กล้วยน้ำว้า,1
กล้อง,1
กล้องถ่ายรูป,1
กล้าม,1
กล้ามเนื้อ,1
กวง,
กวนประสาท,1
กวนใจ,
กวัด,
กวาง,
กวิน,
กวิ้น,
กว้างใหญ่,
กษัตริย์,1
กสสดส,
กสิ,
กสิกร,1
กส์,
กห,
กฬ,
กอ,
กอง,
กองกลาง,1
กองทัพ,1
กองทัพเรือ,1
กองบัญชาการ,1
กองมรดก,1
กอด,
กอล์ฟ,1
กะ,
กะดี,
กะทะ,1
กะทันหัน,
กะปิ,1
กะละมัง,1
กะลา,1
กะล่อน,
กะหรี่,1
กะเทย,1
กั,
กัง,
กังวล,
กังวลใจ,
กัญ,
กัญชา,1
กัดฟัน,
กันต์,
กันที่,
กันท่า,
กันน้ำ,
กันผม,
กันลง,
กันแดด,
กับข้าว,1
กับแกล้ม,1
กัปตัน,1
กัย,
กัล,
กัลยา,
กัลเอาะ,
กัว,
กั้ง,
กั๊ก,
กา,
กาก,
กากน้ำตาล,1
กาง,
กางร่ม,
กางเกง,1
กางเกงขายาว,1
กางเกงขาสั้น,1
กางเกงยีน,1
กาญจนบุรี,1
กาน,
กานน,
กานพลู,1
กาย,
กายภาพ,1
กายภาพบำบัด,1
การกระทำ,
การขนส่ง,1
การขับขี่,1
การคบ,1
การคุย,1
การค้า,1
การงาน,1
การจราจร,1
การซ้อม,
การณ์,1
การดอง,1
การตลาด,1
การตอบแทน,1
การตัดสินใจ,1
การทดลอง,1
การทะเลาะ,1
การทำงาน,1
การท่องจำ,1
การท่องเที่ยว,1
การนำ,
การบ้าน,1
การปรับตัว,1
การปะทะ,1
การปิดกั้น,1
การผลิต,1
การฝืน,1
การพัฒนา,1
การพิสูจน์,1
การยืม,1
การระงับ,1
การรักษา,1
การลงทุน,1
การลอก,1
การศึกษา,1
การสอน,1
การอนุมาน,1
การอยู่รอด,1
การออกกำลังกาย,1
การเขียน,1
การเงิน,1
การเดินเรือ,1
การเมือง,1
การเรียน,1
การเรียนรู้,1
การแพทย์,1
การแสดง,1
การแห่,1
การแอบ,1
การโกง,1
การใช้งาน,1
การไฟฟ้า,1
การ์ด,1
การ์ตูน,1
กาล,
กาว,1
กาฬสินธุ์,1
กาแฟ,1
กาแฟเย็น,1
กำ,
กำลังกาย,1
กำลังดี,
กำลังผลิต,1
กำลังใจ,1
กำหนดการ,1
กำเริบ,
กำแพง,1
กำแพงเพชร,1
กำไล,1
กิ,
กิกิ,
กิง,
กิงง,
กิจ,
กิจกรรม,1
กิจการ,1
กิจวัตร,1
กิจวัตรประจำวัน,1
กิต,
กินกัน,
กินข้าว,1
กินดีอยู่ดี,
กินที่,
กินนอน,
กินรี,1
กินแถว,
กิโกะ,
กิโล,1
กิ่ง,
กิ่น,
กิ้ว,
กิ๊ก,
กิ๊บ,
กี,
กีตาร์,1
กีต้าร์,1
กีฬา,1
กีฬาทางน้ำ,1
กี้,
กี๊,
กึ่งกลาง,
กึ้ก,
กึ้ง,
กุ,
กุก,
กุญแจ,1
กุด,
กุมภ,
กุมภา,1
กุมภาพันธ์,1
กุหลาบ,1
กุ้ง,1
กุ้งเต้น,1
กุ้งแช่น้ำปลา,1
กู,1
กูบ,
กูเกิล,1
กู้,
กู๊ส,
ก็ช่าง,
ก็เพราะว่า,
ก็แล้วกัน,
ก็แล้วแต่,
ก่,
ก่ด,
ก่อ,
ก่อง,
ก่อนหน้านี้,
ก่อนอื่น,
ก่อนเวลา,
ก่า,
ก้,
ก้กด,
ก้คง,
ก้น,1
ก้ม,
ก้อ,
ก้อน,1
ก้อนหิน,1
ก้ะ,
ก้า,
ก้าย,
ก้าวก่าย,
ก้าวไกล,
ก้าเรน,
ก้ำ,
ก้ำกึ่ง,
ก๊อก,
ก๊อกแก๊ก,
ก๊อน,
ก๊าซคาร์บอนไดออกไซด์,1
ก๋วยจั๊บ,1
ก๋วยเตี๋ยว,1
ขก,
ขกตบ,
ขกว้วย,
ขขวก,
ขดตัว,
ขน,1
ขนของ,
ขนม,1
ขนมจาก,1
ขนมจีน,1
ขนมจีบ,1
ขนมปัง,1
ขนมหวาน,1
ขนมเบื้อง,1
ขนรักแร้,1
ขนสัตว์,1
ขนส่ง,1
ขนาด,
ขนาดที่,
ขนาดเล็ก,
ขนาดใหญ่,
ขนุน,1
ขนแมว,1
ขบวน,
ขม,
ขยะ,1
ขยายเวลา,
ขยี้,
ขรรม,
ขรั่บ,
ขร้ะ,
ขลิบ,
ขวด,1
ขวบ,
ขวัญ,1
ขวัญใจ,1
ขวา,
ขวางหน้า,
ขวางหูขวางตา,
ขวามือ,
ขว้าง,
ขอ,
ขอก,
ขอความกรุณา,
ขอความช่วยเหลือ,
ขอความเห็น,
ขอคืนดี,
ของกิน,1
ของขวัญ,1
ของขึ้น,
ของคาว,1
ของจริง,1
ของดี,1
ของฝาก,1
ของฟุ่มเฟือย,1
ของมีคม,1
ของร้อน,1
ของวัด,1
ของสด,1
ของหวาน,1
ของเก่า,1
ของเล่น,1
ของเหลว,1
ของแท้,1
ของใช้,1
ของไหล,1
ขอทาง,
ขอที,
ขอนแก่น,1
ขอบ,
ขอบตา,1
ขอบเขต,1
ขอพร,
ขอยืม,
ขอรับ,
ขอร้อง,
ขอลา,
ขออนุญาต,
ขออภัย,
ขอเวลา,
ขอแรง,
ขอโทษ,
ขะ,
ขัดตา,
ขัดหู,
ขัดใจ,
ขัน,
ขับรถ,1
ขับร้อง,1
ขั่บ,
ขั้นตอน,1
ขั้นต่ำ,1
ขั้นบันได,1
ขา,1
ขากรรไกร,1
ขากลับ,1
ขาดความมั่นใจ,
ขาดเรียน,
ขาดใจ,
ขาดใจตาย,
ขาตั้ง,1
ขาประจำ,1
ขายของ,
ขายดี,1
ขายตรง,
ขายตัว,
ขายต่อ,
ขายส่ง,
ขาลาก,
ขาออก,
ขาอ่อน,1
ขาเข้า,
ขา้ว,
ขำ,
ขิง,1
ขิบ,
ขิม,1
ขี,
ขีด,
ขีดจำกัด,1
ขี่,
ขี่ม้า,
ขี้,
ขี้ตา,1
ขี้นก,1
ขี้บ่น,
ขี้ริ้วขี้เหร่,
ขี้ลืม,
ขี้หึง,
ขี้อาย,
ขี้อิจฉา,
ขี้เกรงใจ,
ขี้เกียจ,
ขี้เมา,
ขี้เล่น,
ขี้เหงา,
ขี้เหร่,
ขี้แง,
ขึัน,
ขึ้นคาน,
ขึ้นชื่อ,
ขึ้นทะเบียน,1
ขึ้นปาก,
ขึ้นฝั่ง,
ขึ้นรถ,1
ขึ้นราคา,1
ขึ้นสมอง,
ขึ้นหน้า,
ขึ้นเสียง,
ขุน,
ขุ่น,
ขุ๊น,
ขูด,
ขโมย,1
ข่ม,
ข่มขืน,1
ข่วง,
ข่วน,
ข่วย,
ข่อ,
ข่ะ,
ข่า,
ข่าว,1
ข่าวสาร,1
ข้น,
ข้อ,
ข้อกำหนด,1
ข้อขัดแย้ง,1
ข้อความ,1
ข้องใจ,
ข้อจำกัด,1
ข้อดี,1
ข้อพับ,1
ข้อมือ,1
ข้อมูล,
ข้อศอก,1
ข้อสงสัย,1
ข้อสอบ,1
ข้ออ้าง,1
ข้อเขียน,1
ข้อเสีย,1
ข้อแก้ตัว,1
ข้อแตกต่าง,1
ข้อแนะนำ,1
ข้า,
ข้าง,
ข้างขึ้น,1
ข้างนอก,
ข้างบน,
ข้างล่าง,
ข้างหน้า,
ข้างเดียว,
ข้างใน,
ข้ามถนน,
ข้ามฟาก,1
ข้ามหัว,
ข้ามเรือ,1
ข้าราชการ,1
ข้าว,1
ข้าวกลางวัน,1
ข้าวของสัมภาระ,1
ข้าวตัง,1
ข้าวต้ม,1
ข้าวต้มกุ๊ย,1
ข้าวฟ่าง,1
ข้าวมัน,1
ข้าวมันไก่,1
ข้าวราดแกง,1
ข้าวสวย,1
ข้าวสาร,1
ข้าวเย็น,1
ข้าวเหนียว,1
ข้าวแกง,1
ขํ,
คฑากร,1
คณะ,1
คณะนิติศาสตร์,1
คณะบริหาร,1
คณะพยาบาลศาสตร์,1
คณะวนศาสตร์,1
คณะวิทยาศาสตร์,1
คณะวิศวกรรมศาสตร์,1
คณะศิลปศาสตร์,1
คณะศึกษาศาสตร์,1
คณะสังคมศาสตร์,1
คณะอักษรศาสตร์,1
คณะเศรษฐศาสตร์,1
คณิต,1
คณิตศาสตร์,1
คดี,1
คดีอาญา,1
คติ้ง,
คถ,
คถคน,
คทอเรีย,
คทา,
คน,
คนกลาง,1
คนกันเอง,
คนขับ,1
คนขี้ขลาด,1
คนคุม,1
คนจน,1
คนจริง,1
คนจีน,1
คนชั่ว,1
คนซื้อ,1
คนดี,1
คนดู,1
คนตาย,1
คนต่างจังหวัด,1
คนต่างชาติ,1
คนที,1
คนธรรมดา,1
คนนอก,1
คนผิวขาว,1
คนพิการ,1
คนพูด,1
คนฟัง,1
คนภายนอก,1
คนมีสี,1
คนมีอายุ,1
คนรวย,1
คนรัก,1
คนรับ,1
คนรู้จัก,1
คนร้าย,1
คนละชั้น,
คนสวย,1
คนสำคัญ,1
คนสูงอายุ,1
คนอื่น,1
คนอ่อนแอ,1
คนอ่าน,1
คนเจ็บ,1
คนเมา,1
คนเมือง,1
คนเรา,1
คนเลว,1
คนเหนือ,1
คนแก่,1
คนแนะนำ,1
คนโง่,1
คนโปรด,1
คนโสด,1
คนใจร้าย,1
คนใช้,1
คนใน,1
คนไข้,1
คนไทย,1
คบ,
คพฤ,
คม,
คย,
คร,
ครส,
ครอง,
ครองแครง,1
ครอบครอง,
ครอบครัว,1
ครอบจักรวาล,1
ครอส,
คระ,
ครับผม,
ครัฟ,
ครัล,
ครัว,
ครั้งก่อน,
ครั้งนี้,
ครั้งสุดท้าย,
ครั้งแรก,
ครา,
คราง,
คราบ,1
คราย,
คริสต์,1
คริสต์มาส,1
คริสเตียน,1
ครีบ,1
ครีม,1
ครึ,
ครึ่งทาง,
ครึ้ม,
ครุ,
ครุก,
ครุย,1
ครุศาสตร์,1
ครุ่น,
ครู,1
ครู่,
คร่ะ,
คร่า,
คร่าว,
คร้บ,
คร้าบ,
คร๊าบ,
คล,
คลอ,
คลอง,1
คลองห้า,1
คลอดลูก,1
คลอเคลีย,
คละ,
คลัง,1
คลังสินค้า,1
คลั่งไคล้,
คลา,
คลาย,
คลายเครียด,1
คลาส,
คลิก,
คลินิก,1
คลินิค,1
คลิบ,
คลิป, 1
คลี,
คลีนิค,1
คลี่คลาย,
คลื่น,1
คลื่นไส้,1
คลุกคลี,
คลุม,
คล้อง,
คล้ำ,
คว,
ควง,
ควบคู่กันไป,
ควย,1
ควรจะเป็น,
ควอ,
ควัก,
ควัน,
ควาน,
ความกระจ่าง,1
ความกลัว,1
ความกล้า,1
ความขี้เกียจ,1
ความคิด,1
ความคิดถึง,1
ความคิดเห็น,1
ความคืบหน้า,1
ความงาม,1
ความง่วง,1
ความจริง,1
ความจริงใจ,1
ความจำ,1
ความชอบ,1
ความชุ่มชื้น,1
ความช่วยเหลือ,1
ความตั้งใจ,1
ความตื่นเต้น,1
ความต้องการ,1
ความถี่,1
ความถูกต้อง,1
ความทรงจำ,1
ความทุกข์,1
ความน่ารัก,1
ความบังเอิญ,1
ความปลอดภัย,1
ความผิด,1
ความผิดหวัง,1
ความผูกพัน,1
ความผูกพันธ์,1
ความฝัน,1
ความพยายาม,1
ความพอดี,1
ความมัน,1
ความมั่นใจ,1
ความรวย,1
ความรัก,1
ความรับผิดชอบ,1
ความรู้,1
ความรู้สึก,1
ความรู้สึกผิด,1
ความร้อน,1
ความร้าวฉาน,1
ความลับ,1
ความลำบาก,1
ความลำเอียง,1
ความสงบ,1
ความสงสัย,1
ความสนใจ,1
ความสบายใจ,1
ความสัมพันธ์,1
ความสามารถ,1
ความสามารถพิเศษ,1
ความสุข,1
ความสูง,1
ความหมาย,1
ความหวัง,1
ความหวังดี,1
ความหิว,1
ความห่วงใย,1
ความอดทน,1
ความอบอุ่น,1
ความอยาก,1
ความอาลัย,1
ความอ้วน,1
ความเกรงใจ,1
ความเข้มแข็ง,1
ความเคยชิน,1
ความเครียด,1
ความเคลื่อนไหว,1
ความเจ็บปวด,1
ความเชื่อ,1
ความเดือดร้อน,1
ความเป็นมา,1
ความเป็นส่วนตัว,1
ความเป็นเพื่อน,1
ความเป็นไป,1
ความเป็นไปได้,1
ความเมตตา,1
ความเร็ว,1
ความเศร้า,1
ความเสมอภาค,1
ความเสียใจ,1
ความเสี่ยง,1
ความเหงา,1
ความเหนื่อย,1
ความเห็น,1
ความเห็นแก่ตัว,1
ความแตกต่าง,1
ความแน่นอน,1
ความแน่ใจ,1
ความโชคดี,1
ความใจร้อน,1
ความใน,1
ความในใจ,1
ความไม่แน่นอน,1
ควาย,1
ควีน,1
คสพ,
คสอ,
คห,
คหกรรม,1
คอ,1
คอก,
คอกลม,1
คอน,
คอนกรีต,1
คอนเฟิร์ม,
คอนเสิร์ต,1
คอนเสิร์ท,1
คอนแทค,1
คอนแทคเลนส์,1
คอนโด,1
คอม,1
คอมพิวเตอร์,1
คอมฯ,1
คอมเมดี้,1
คอมเม้นต์,1
คอร์ด,1
คอร์ส,1
คอลลาเจน,1
คอลเซ็นเตอร์,1
คอิ้ง,
คอเสื้อ,1
คอแหลม,1
คอแห้ง,1
คะน้า,1
คะแนน,1
คะใน,
คะ่,
คั,
คัค,
คัง,
คัช,
คัด,
คัดจมูก,1
คัตชู,
คัทชู,
คัน,
คับ,
คับบ,
คับใจ,1
คัพ,
คัฟ,
คัย,
คั่,
คั่น,
คั้บ,
คั้บบ,
คา,
คาง,
คาทอลิก,1
คาทอลิค,1
คาน,1
คาบ,
คาบเส้น,
คาราวาน,1
คาราโอเกะ,1
คาร์,1
คาเฟ่,1
คาใจ,
คำกริยา,1
คำขอ,1
คำตอบ,1
คำถาม,1
คำทักทาย,1
คำนิยาม,1
คำปรึกษา,1
คำพิพากษา,1
คำพูด,1
คำยืนยัน,1
คำราม,1
คำร้อง,1
คำร้องขอ,1
คำศัพท์,1
คำสัญญา,1
คำสั่ง,1
คำหยาบ,1
คำหวาน,1
คำอธิษฐาน,1
คำเมือง,1
คำแนะนำ,1
คิ,
คิขุ,
คิคิ,
คิง,
คิดดู,
คิดผิด,
คิดมาก,
คิดเลข,1
คิดไปคิดมา,
คิดไม่ออก,
คิว,1
คิวรถ,1
คิส,
คิ้ว,
คีตกวี,
คีบ,
คีย์,1
คีย์บอร์ด,1
คีส,
คึ,
คึก,
คึคึ,
คึด,
คึดเติง,
คืด,
คืนดี,
คืนนี้,1
คืนเงิน,1
คือะ,
คุ,
คุก,
คุกคาม,1
คุง,
คุณค่า,1
คุณชาย,1
คุณผู้ชาย,1
คุณผู้หญิง,1
คุณพ่อ,1
คุณภาพ,1
คุณยาย,1
คุณสมบัติ,1
คุณหมอ,1
คุณแม่,1
คุด,
คุม,
คุมกำเนิด,1
คุย,
คุยเก่ง,
คุรุสภา,
คุ้น,
คู,
คูน,
คู่,
คู่ขนาน,
คู่ครอง,
คู่ควร,
คู่นอน,1
คู่มือ,1
คู่รัก,1
คู่แฝด,1
คู้,
ค็อต,
ค่,
ค่อนข้างจะ,
ค่อยเป็นค่อยไป,
ค่า,1
ค่าความจริง,1
ค่าตัวเลข,1
ค่าที่,1
ค่าธรรมเนียม,1
ค่าน้ำค่าไฟ,1
ค่าบริการ,1
ค่าปรับ,1
ค่าย,1
ค่ารถ,1
ค่าสูงสุด,1
ค่าเฉลี่ย,1
ค่าเช่า,1
ค่าเรียน,1
ค่าเล่าเรียน,1
ค่าใช้จ่าย,1
ค่ำ,1
ค้อ,
ค้อน,1
ค้ะ,
ค้างคาว,1
ค้างคืน,1
ค้าบ,
ค๊ะ,
ค๊า,
ค์,
ฆ่า,
ฆ่าตัวตาย,1
ฆ่าเวลา,
ฆ้อง,
ง,
งก,
งก้,
งค์,
งง,
งชุ้น,
งด,
งบ,1
งบประมาณ,1
งม,
งมงาย,
งรือ,
งอ,
งอก,
งอด,
งอน,
งอย,
งอแง,
งะ,
งับ,
งัย,
งั่ง,
งั่ม,
งั้น,
งั้บ,
งั้บบ,
งา,1
งาน,1
งานค้าง,1
งานพิธี,1
งานพิเศษ,1
งานวิชาการ,1
งานหนัก,1
งานหนังสือ,1
งานอดิเรก,1
งานเขียน,1
งานเลี้ยง,1
งาม,
งาย,
งิ,
งิงิ,
งีบ,
งียบ,
งี่เง่า,
งี้,
งึด,
งึ๋ย,
งืม,
งือ,
งือกด,
งือขอ,
งืออ,
งื่ม,
งื่อ,
งื้อ,
งื้ออ,
งุ,
งุงิ,
งุนงง,
งุ้ย,
งู,
งู้น,
งู้ย,
งเกิ้ล,
งแง้ง,
งโค่ด,
งไเร๊ออ,
ง่,
ง่นเพื้อ,
ง่ย,
ง่วง,
ง่วงนอน,
ง่อม,
ง่อว,
ง่อวว,
ง่ะ,
ง่า,
ง้อ,
ง้ะ,
ง้า,
ง้าง,
ง้าบ,
ง้าบบ,
ง้าย,
ง๊ง,
ง๊งง,
ง๊า,
ง๊าน,
จงใจ,
จดหมาย,1
จตุจักร,1
จนปัญญา,
จนมุม,
จนได้,
จบกัน,
จฟอร์ทอร์ค,
จม,
จมูก,1
จมูกโด่ง,1
จย้า,
จร,
จรัญสนิทวงศ์,1
จราง,
จราจร,
จริงอยู่,
จริ้ง,
จริ๊ง,
จร๊,
จร๊า,
จศ,
จสก,
จฬ,
จอ,
จอก,
จองตั๋ว,1
จองที่,1
จองแล้ว,
จอน,
จอม,
จอมเกล้า,
จะแจ้ง,
จัก,
จักร,
จักรพงษ์,
จักรพรรดิ,1
จักรยาน,1
จักรวาล,1
จังหวะ,1
จังหวัด,1
จัญ,
จัดงาน,1
จัดแสดง,1
จัตุ,
จัทร์,1
จัน,
จันทน์,1
จันทบุรี,1
จันทร์,
จันท์,
จับ,
จับกลุ่ม,
จับฉลาก,1
จับมือ,1
จับได้,
จัย,
จัสติน,1
จั้ก,
จั้ง,
จา,
จากกัน,
จากนี้,
จากไป,
จาง,
จาน,
จาม,
จามจุรี,1
จาร,
จำนวน,1
จำเลย,1
จำใจ,
จำได้,
จำไว้,
จิ,
จิก,
จิง,
จิงจัง,
จิต,
จิตร,
จิตรลดา,1
จิตวิทยา,1
จิตสำนึก,1
จิตเวช,1
จิตแพทย์,1
จิตใจ,1
จิตใต้สำนึก,1
จิน,
จินดา,1
จิมมี่,
จิ้กจก,
จิ้ง,
จิ้งจก,1
จิ้น,
จิ้ม,
จิ้ย,
จี,
จีง,
จีน,1
จีบ,
จี้,
จี๋,
จึ,
จึ้กจึ้กจึ้ก,
จึ้น,
จึ้ย,
จึ๊ก,
จืด,
จุก,
จุด,
จุดจบ,1
จุดด่าง,1
จุดตัด,1
จุดประสงค์,1
จุดยืน,1
จุดสุดยอด,1
จุดอิ่มตัว,1
จุดโทษ,1
จุฬา,1
จุฬาภรณ์,1
จุฬาฯ,1
จุ้ง,
จุ้บจุ้บ,
จุ้ย,
จุ๊บ,
จู,
จูง,
จูงมือ,
จูน,
จูบ,
จู่,
จู้,
จู๋,
จ่ะ,
จ่า,
จ่ายตลาด,1
จ้อ,
จ้องดู,
จ้ำ,1
จ๊น,
จ๊นน,
จ๊บ,
จ๊วด,
จ๊า,
จ๊าบ,
จ๊าป,
จ๋วย,
จ์,
จํา,
ฉฉ,
ฉลาก,1
ฉอ,
ฉอง,
ฉอด,
ฉัก,
ฉาก,
ฉาว,
ฉิบหาย,
ฉีก,
ฉีดยา,
ฉี่,
ฉุกเฉิน,1
ฉุด,
ฉ้อ,
ช,
ชง,
ชช,
ชชั่น,
ชญ,
ชด,
ชน,
ชนชั้นล่าง,1
ชนะ,
ชนะสงคราม,
ชนะใจ,
ชนิด,1
ชม,
ชมพู,1
ชมรม,1
ชมัน,
ชมา,
ชลบุรี,1
ชลประทาน,1
ชลี,
ชว่ง,
ชห,
ชอน,
ชอบกล,
ชอบแล้ว,
ชอป,
ชอปบัฟ,
ชอปปิ้ง,1
ชอยส์,1
ชออบ,
ชะนี,1
ชะมัด,
ชะลอ,
ชะโงก,
ชัช,
ชัต,
ชัท,
ชัย,
ชัว,
ชัวร์,
ชัวว,
ชั่น,
ชั่ว,
ชั่วโมง,1
ชั้น,
ชั้นดี,
ชั้นสอง,
ชั้นใน,
ชา,
ชาญ,
ชาติ,
ชาติหน้า,1
ชาติหมา,1
ชาน,
ชานุ,
ชาม,
ชาย,
ชายกระโปรง,1
ชาร์ต,
ชาวต่างชาติ,1
ชาววัง,1
ชาเขียว,1
ชาเย็น,1
ชำระ,1
ชำระเงิน,1
ชิ,
ชิงช้า,1
ชิด,
ชิน,
ชิบ,
ชิบหาย,
ชิป,
ชิพ,
ชิล,
ชิโนรส,
ชิ่ง,
ชี,
ชีพ,
ชีวะ,1
ชีวิต,1
ชีวิตครอบครัว,1
ชีวิตจริง,1
ชีวิตประจำวัน,1
ชีส,1
ชี่,
ชืฟ,
ชื่น,
ชื่อ,1
ชื่อจริง,1
ชื่อย่อ,1
ชื่อว่า,
ชื่อเล่น,1
ชุก,
ชุด,
ชุดนอน,1
ชุดนักศึกษา,1
ชุดนักเรียน,1
ชุดว่ายน้ำ,1
ชุม,
ชุมนุม,1
ชุมพร,1
ชุ้,
ชุ้ง,
ชุ้น,
ชู,
ชู่,
ชู้,
ช็อคโกแลต,1
ช็อต,
ช็อป,1
ช่ว,
ช่วง,
ช่วงชีวิต,1
ช่วงอายุ,1
ช่วงเวลา,1
ช่วบ,
ช่วยดูแล,1
ช่วยตัวเอง,
ช่วยไม่ได้,
ช่อ,
ช่อง,
ช่องทาง,1
ช่องปาก,1
ช่องลม,1
ช่อดอกไม้,1
ช่ะ,
ช่า,
ช่าง,1
ช่างกล้อง,1
ช่างซ่อมบำรุง,1
ช่างมัน,
ช่างแต่งหน้า,1
ช้ว,
ช้วน,
ช้อน,1
ช้อป,1
ช้อย,1
ช้อยส์,1
ช้ะ,
ช้าง,1
ช้างเผือก,1
ช้ำ,
ช้ำใจ,
ช๊อต,
ซน,
ซบ,
ซวย,
ซอ,
ซอง,
ซองจดหมาย,1
ซอน,
ซอฟท์บอล,1
ซอม,
ซอย,
ซะงั้น,
ซักผ้า,1
ซัง,
ซัต,
ซัน,
ซับ,
ซัม,
ซัมเมอร์,1
ซัล,
ซั่ด,
ซั้ง,
ซา,
ซากุระ,1
ซาน,
ซาลง,
ซาลาเปา,1
ซาว,
ซิ,
ซิก,
ซิงค์,1
ซิงเกิล,1
ซิบ,
ซิป,
ซิม,1
ซิ่,
ซิ่ง,
ซิ่ว,
ซิ๊,
ซี,
ซีดี,1
ซีน,1
ซีรีส์,1
ซีเรียส,1
ซี่,1
ซึน,
ซึม,
ซึมเศร้า,1
ซึ้ง,
ซืน,
ซื่อ,
ซื่อบื้อ,
ซื่อสัตย์,1
ซื้อของ,
ซื้อหน้า,
ซุ,
ซุก,
ซุง,
ซุม,
ซุ่ม,
ซุ่มซ่าม,1
ซุ้ม,
ซู,
ซูกัส,
ซู่ซ่า,
ซเอ็กอิ้งเปน,
ซ่า,
ซ้อ,
ซ้อม,
ซ้อมใหญ่,1
ซ้าย,
ซ้ำชั้น,
ซ้ำรอย,
ซ้ำแล้วซ้ำเล่า,
ซ์,
ฌน,
ญ,
ญญ,
ญป,
ญาณ,
ญาต,
ญาติ,
ญี่ปุ่น,1
ญ่,
ฎา,
ฎีฏา,1
ฏ,
ฏกษัต,
ฐาน,1
ฐานทัพเรือ,1
ฐานะ,1
ฑล,
ณณ,
ณย,
ณยป,
ณศิ,
ณี,
ณู,
ณ์,
ด,
ดง,
ดด,
ดนตรี,1
ดนตรีไทย,1
ดพล,
ดม,
ดมื่อ,
ดยด,
ดรออิ้ง,1
ดรัม,1
ดราม่า,1
ดริ๊ง,1
ดรีมเวิลด์,1
ดร็อป,
ดล,
ดวงจันทร์,1
ดวงดาว,1
ดวงอาทิตย์,1
ดวงใจ,1
ดวน,
ดสสพสสพ,
ดสห,
ดอ,
ดอกกุหลาบ,1
ดอกสร้อย,1
ดอกเบี้ย,1
ดอกไม้,1
ดอกไม้จันทน์,1
ดอกไม้สด,1
ดอกไม้แห้ง,1
ดอง,
ดอด,
ดอน,
ดอม,
ดอย,1
ดอรร,
ดอร์,
ดอสต,
ดอิ้ง,
ดะ,
ดักรอ,
ดัช,
ดัด,
ดัดผม,1
ดันทุรัง,
ดัมส์,
ดั่ย,
ดั้ง,
ดั้งจมูก,1
ดั้น,
ดั้ย,
ดา,
ดาด,
ดาดฟ้า,1
ดารา,1
ดาราศาสตร์,1
ดาว,1
ดาวตก,1
ดาวน์,1
ดำน้ำ,1
ดำเนินชีวิต,
ดำไร,
ดิ,
ดิชั้น,
ดิน,
ดินร่วน,1
ดินสอ,1
ดินแดง,1
ดินแดน,1
ดิส,
ดิ่,
ดิ่ง,
ดิ้น,
ดิ๊,
ดี,
ดีกรี,
ดีกัน,
ดีขึ้น,
ดีงาม,
ดีจริง,
ดีด,
ดีมาก,
ดีเจ,1
ดีแต่,
ดีแทค,1
ดีใจ,
ดีไซน์,1
ดีไม่ดี,
ดี้,
ดี๊,
ดึก,
ดึกดื่น,
ดึ๊บ,
ดือ,
ดื่น,
ดื่ม,1
ดื่มเหล้า,1
ดื่มได้,
ดื่อ,
ดื๊อ,
ดุ,
ดุม,
ดุริยางคศิลป์,1
ดุริยางค์,1
ดุสิต,1
ดูก่อน,
ดูดวง,1
ดูดิ,
ดูดี,
ดูออก,
ดูแลตัวเอง,
ดูไม่ได้,
ดู๊ด,
ดฺ์,
ด่วน,
ด่วย,
ด่า,
ด่าง,
ด่าน,
ด้ว,
ด้วยซ้ำ,
ด้วยใจ,
ด้อย,
ด้ะ,
ด้านนอก,
ด้านล่าง,
ด้านวิชาการ,1
ด้านส่ง,
ด้านหน้า,
ด้านหลัง,
ด้านใน,
ด้าย,1
ด๊วย,
ด๊วยยน,
ด๋อย,
ด์,
ต,
ตกนรก,1
ตกปลา,1
ตกหนัก,
ตกหลุมรัก,1
ตกอันดับ,1
ตกใจ,
ตกไป,
ตก้,
ตค,
ตคน,
ตง,
ตจว,
ตซ์,
ตด,
ตต,
ตท,
ตธ,
ตบ,
ตปท,
ตม,1
ตยฝน,
ตรฃ,
ตรงกลาง,
ตรงกันข้าม,
ตรงจุด,
ตรงนั้น,
ตรงนี้,
ตรงเวลา,
ตรรกศาสตร์,1
ตรรกะ,1
ตรวจร่างกาย,1
ตรวจเลือด,1
ตระกร้า,1
ตระเวน,
ตรัง,
ตรับ,
ตรัย,
ตรา,1
ตราด,1
ตราประทับ,1
ตรี,
ตรึม,
ตรุษจีน,1
ตรู,
ตลก,1
ตลด,
ตลอดชีพ,1
ตลอดชีวิต,1
ตลาด,1
ตลาดนัด,1
ตลิ่ง,1
ตลิ้ง,
ตล๊ก,
ตวจ,
ตส์,
ตอ,
ตอกกลับ,
ตอกย้ำ,
ตอน,
ตอนกลางคืน,1
ตอนกลางวัน,1
ตอนค่ำ,1
ตอนจบ,1
ตอนดึก,1
ตอนที่,
ตอนนั้น,
ตอนนี้,
ตอนบ่าย,1
ตอนสาย,1
ตอนเช้า,1
ตอนเย็น,1
ตอนแรก,
ตอบกลับ,
ตอบคำถาม,1
ตอบโต้,1
ตอแหล,1
ตอไม้,1
ตะ,
ตะกร้อ,1
ตะกร้า,1
ตะขาบ,1
ตะคอก,
ตะนาว,
ตะบอง,1
ตะวัน,1
ตะวันออก,1
ตะเกียบ,1
ตะเข็บ,1
ตะโกน,
ตะไคร้,1
ตะไบ,1
ตัก,
ตักบาตร,1
ตัง,
ตังค์,1
ตังเม,1
ตัดกัน,
ตัดขาด,
ตัดความสัมพันธ์,
ตัดผม,1
ตัดผ่าน,
ตัดพ้อ,
ตัดเย็บ,1
ตัดใจ,
ตัดไม่ขาด,
ตัน,
ตับ,1
ตัย,
ตัล,
ตัว,1
ตัวจริง,1
ตัวดี,1
ตัวตน,1
ตัวตลก,1
ตัวต่อ,1
ตัวต่อตัว,
ตัวนาง,1
ตัวนำ,1
ตัวปัญหา,1
ตัวผู้,1
ตัวย่อ,1
ตัวร้อน,
ตัวสั่น,
ตัวสำรอง,1
ตัวอย่าง,1
ตัวอักษร,1
ตัวอ่อน,1
ตัวเมีย,1
ตัวเรา,1
ตัวเลข,1
ตัวเลือก,1
ตัวเล็ก,1
ตัวแทน,1
ตัวแปร,1
ตัวใหม่,1
ตัวไร,
ตัส,
ตัอง,
ตั่ง,
ตั้,
ตั้งครรภ์,1
ตั้งคำถาม,1
ตั้งค่า,1
ตั้งตัว,
ตั้งตารอ,
ตั้งท้อง,
ตั้งปี,
ตั้งหน้า,
ตั้งเวลา,
ตั้งแต่แรก,
ตั้งโต๊ะ,
ตั้งใจฟัง,
ตั้น,
ตั้ลล๊าค,
ตั๋ว,1
ตั๋วรถไฟ,1
ตา,
ตาก,
ตากผ้า,1
ตากฝน,1
ตากล้อง,1
ตากสิน,1
ตากแดด,1
ตาจน,
ตาดำ,1
ตาตุ่ม,1
ตาบอด,1
ตาปรือ,1
ตามตรง,1
ตามทัน,
ตามปรกติ,1
ตามระเบียบ,1
ตามล่า,1
ตามหา,
ตามเรื่อง,
ตามเวลา,
ตายคาที่,1
ตายห่า,
ตาราง,1
ตารางสอน,1
ตารางเรียน,1
ตำ,
ตำนาน,1
ตำรวจ,1
ตำรวจทางหลวง,1
ตำรวจนครบาล,1
ตำลึง,1
ตำแหน่ง,1
ติ,
ติง,
ติดกับ,
ติดคุก,1
ติดค้าง,1
ติดงาน,1
ติดจะ,
ติดตัว,
ติดตา,
ติดนิสัย,
ติดฝน,
ติดอยู่ในใจ,
ติดแอร์,1
ติว,
ติวเตอร์,1
ติ่,
ติ่ง,
ติ่มซำ,1
ติ้ง,
ตีฉิ่ง,1
ตีตัวออกห่าง,
ตีน,1
ตีสนิท,1
ตีสองหน้า,1
ตีสาม,
ตีสาย,
ตีห้า,
ตีแผ่,1
ตี้,
ตี้บ,
ตี้เบิน,
ตี๋,
ตึ,
ตึก,1
ตึง,
ตึ่ง,
ตึ่งโป้ะ,
ตึ้บ,
ตึ๋ง,
ตื,
ตื่น,
ตื่นขึ้น,
ตื่นนอน,
ตื่นเต้น,1
ตื้นตันใจ,
ตื้อ,
ตื๊ด,
ตุ,
ตุน,
ตุลาคม,1
ตุ่ม,
ตุ่ย,
ตุ้,
ตุ้ด,
ตุ้บ,
ตุ๊กตา,1
ตุ๊ด,1
ตู,
ตูด,1
ตู่,
ตู้,
ตู้เย็น,1
ตู้เสื้อผ้า,1
ตู้ไปรษณีย์,1
ตเวย์,
ต็อค,
ต่อกัน,
ต่อจากนี้,
ต่อย,
ต่อรถ,1
ต่อสู้,1
ต่อหน้า,
ต่อหัว,
ต่อเรือ,
ต่อให้,
ต่างจังหวัด,1
ต่างชาติ,1
ต่างด้าว,1
ต่างประเทศ,1
ต่างหู,1
ต่าย,
ต่ำกว่า,
ต้น,1
ต้นขา,1
ต้นทุน,1
ต้นปี,1
ต้นเดือน,1
ต้นเหตุ,1
ต้นไม้,1
ต้ม,
ต้มตุ๋น,1
ต้มยำ,1
ต้ว,
ต้อ,
ต้องสู้,
ต้องหา,
ต้องห้าม,1
ต้องโทษ,1
ต้ะ,
ต้า,
ต้าขอ,
ต้าผม,
ต้ามช,
ต้าร์,
ต้าลง,
ต๊กเค,
ต๋า,
ต์,
ถ,
ถนน,1
ถภภ,
ถม,
ถลน,
ถลอก,
ถล่ม,1
ถวาย,
ถวายพระเพลิง,1
ถอนฟัน,1
ถอยหลัง,
ถอยห่าง,
ถอัษฏางค์,
ถัก,
ถัง,1
ถังขยะ,1
ถัดจาก,
ถัม,
ถัว,
ถั่ว,1
ถา,
ถาปัตย์,
ถามถึง,
ถามหา,
ถามไถ่,
ถิอ,
ถีง,
ถึ,
ถึก,
ถึงกัน,
ถึงขนาด,
ถึงที่,
ถึงใจ,
ถือดี,
ถือน้ำ,
ถือสา,
ถือเป็น,
ถุ,
ถุง,1
ถุงกระดาษ,1
ถุงน่อง,1
ถุงยาง,1
ถุงเท้า,1
ถู,
ถูกคอ,
ถูกชะตา,
ถูกที่,
ถูกระเบียบ,1
ถูกวิธี,1
ถูกใจ,1
ถฺ,
ถ่ม,
ถ่วง,
ถ่างตา,
ถ่าน,1
ถ่ายทอดสด,1
ถ่ายเอกสาร,1
ถ้วย,1
ท,
ทก,
ทขอ,
ทจพ,
ทดั้ก,
ทดั๊ก,
ทท,
ทธิ๋,
ทธิ์,
ทบ,
ทผ,
ทพจ,
ทฟอ,
ทย,
ทยอย,
ทย์,
ทร,
ทรง,
ทรงธรรม,1
ทรงผม,1
ทรงอำนาจ,1
ทรมาน,1
ทรม๊าน,
ทรวง,
ทรศ,
ทรส,
ทรอ,
ทรัพยากร,1
ทรัพย์สิน,1
ทรัม,
ทริค,
ทริป,1
ทรุด,
ทร์,
ทฤษฎี,1
ทล,
ทวง,
ทวน,
ทวิ,
ทศนิยม,1
ทหาร,1
ทหารเรือ,1
ทอ,
ทอง,1
ทองคำ,1
ทองหลาง,
ทอด,
ทอดที่,
ทอดมัน,1
ทอม,1
ทอย,
ทฯ,
ทะ,
ทะนุถนอม,
ทะยอย,
ทะลาย,
ทะลึ่ง,1
ทะเบียน,1
ทะเบียนบ้าน,1
ทะเล,
ทะเลาะ,
ทะเล้น,1
ทัก,
ทักทาย,1
ทักท้วง,
ทักษะ,1
ทัต,
ทันตกรรม,1
ทัม,
ทัย,
ทัล,
ทัลเล,
ทัวร์,1
ทัศนคติ,1
ทั้งกายและใจ,
ทั้งคน,
ทั้งคืน,
ทั้งคู่,
ทั้งที,
ทั้งที่,
ทั้งปี,
ทั้งวัน,
ทั้งวันทั้งคืน,
ทั้งสองฝ่าย,
ทั้งโลก,
ทั้ย,
ทา,
ทาง,1
ทางการ,1
ทางการแพทย์,1
ทางขวา,
ทางจิต,1
ทางซ้าย,
ทางด่วน,1
ทางตัน,1
ทางบ้าน,1
ทางผ่าน,1
ทางลัด,1
ทางออก,1
ทางเข้า,1
ทางเดิน,1
ทางเพศ,1
ทางเรือ,1
ทางเลือก,1
ทางแก้,1
ทางแก้ไข,1
ทางแยก,1
ทางโน้น,
ทางใจ,
ทางใน,
ทางไกล,
ทางได้,
ทางไปรษณีย์,1
ทาน,
ทานข้าว,1
ทาม,
ทายา,
ทาร์,
ทาวเวอร์,1
ทาส,
ทำกับข้าว,1
ทำการบ้าน,1
ทำกิจกรรม,1
ทำความสะอาด,1
ทำความเคารพ,
ทำคะแนน,
ทำงานต่อ,
ทำงานหนัก,1
ทำดี,
ทำทาน,1
ทำบุญ,1
ทำผิด,
ทำพิธี,1
ทำฟัน,1
ทำมาย,
ทำร้าย,
ทำร้ายร่างกาย,
ทำหมัน,1
ทำอาหาร,1
ทำเป็นเล่น,
ทำโทษ,1
ทำใจ,
ทำใจไม่ได้,
ทำไม,
ทิ,
ทิชชู่,1
ทิด,
ทิต,
ทิน,
ทิป,1
ทิม,
ทิวสน,1
ทิศ,1
ทิศทาง,1
ทิ่ม,
ทิ้งตัว,
ทีนี้,
ทีม,
ทีมงาน,1
ทีวี,1
ทีหลัง,
ทีเล่นทีจริง,
ทีแรก,
ทีไร,
ที่จอดรถ,1
ที่ดอน,1
ที่ตั้ง,1
ที่ต่ำ,
ที่ทำการไปรษณีย์,1
ที่ทำงาน,1
ที่นอน,1
ที่นั่ง,1
ที่นั่น,
ที่นี่,
ที่ประกาศ,1
ที่ปรึกษา,1
ที่ผ่านมา,
ที่พัก,1
ที่พึ่ง,
ที่มา,
ที่ระลึก,
ที่รัก,1
ที่ว่าการ,1
ที่ว่าการอำเภอ,1
ที่ว่าง,
ที่สูง,
ที่หมาย,1
ที่หวัง,
ที่อยู่,1
ที่อื่น,1
ที่เกิด,1
ที่เก็บ,
ที่เชื่อถือได้,1
ที่เที่ยว,1
ที่แจ้ง,
ที่ใด,
ที่ไหนบ้าง,
ที่ไหนได้,
ที้,
ทึก,
ทึ่,
ทุ,
ทุกข์,1
ทุกข์ใจ,1
ทุกคืน,
ทุกที่,
ทุกท่าน,
ทุกปี,
ทุกราย,
ทุกสิ่ง,
ทุกเวลา,
ทุกแห่ง,
ทุน,1
ทุบ,
ทุ่ง,
ทู,
ทูต,1
ทูลกระหม่อม,1
ทู้,
ทแทค,
ทแมท,
ท็อก,
ท็อป,
ท่,
ท่ด,
ท่วม,
ท่วมหัว,
ท่อ,
ท่อน,1
ท่อน้ำ,1
ท่า,
ท่าจะ,
ท่าที,
ท่าน้ำ,1
ท่าเรือ,1
ท้วง,
ท้อ,
ท้อง,
ท้องน้อย,1
ท้องผูก,1
ท้องฟ้า,1
ท้องว่าง,
ท้องสนามหลวง,1
ท้องอืด,1
ท้องเสีย,1
ท้องแขน,1
ท้อป,
ท้อแท้,
ท้อใจ,
ท้า,
ท้าย,
ท้ายแถว,
ท๊อป,1
ท์,
ท์บน,
ท์ศ,
ท์เลท,
ทํ,
ทํา,
ทําไม,
ธ,
ธกส,
ธค,
ธคมค,
ธง,
ธน,
ธนบัตร,1
ธนบุรี,1
ธนัญญ์,
ธนาคาร,1
ธนู,1
ธรณี,1
ธรรม,1
ธรรมชาติ,1
ธรรมศาสตร์,1
ธรรมเนียม,1
ธวัช,
ธอร์,
ธัญ,
ธัญพืช,1
ธันวา,1
ธัมไม,
ธา,
ธาตุแท้,1
ธาน,
ธานี,1
ธารา,1
ธิ,
ธิป,
ธิเบศ,
ธี,
ธุดงค์,
ธุป,
ธุรกิจ,1
ธุรกิจส่วนตัว,1
ธุระ,1
ธู,
ธูป,1
ธูปะเตมีย์,1
ธํ,
น,
นก,1
นกกระยาง,1
นกปล่อย,
นกหวีด,1
นกฮูก,1
นขา,
นคน,
นคร,1
นครนายก,1
นครปฐม,1
นครราชสีมา,1
นคะ,
นงเยาว์,
นจ์,
นด,
นดดนย,
นท,
นที,
นน,
นนท,
นนทบุรี,1
นนท์,1
นนลง,
นนัตน์,
นนุ้ง,
นบ,
นพ,
นพคุณ,1
นภา,1
นม,1
นมข้น,1
นมถั่วเหลือง,1
นมวัว,1
นมสด,1
นมะ,
นย,
นร,
นรก,1
นรั,
นรา,
นรี,
นล์,
นว,
นวด,1
นวมินทร์,1
นวลจันทร์,1
นวัตกรรม,1
นศ,
นศทพ,
นศพ,
นศพยบ,
นศมธ,
นศษ,
นส,
นสจน,
นสพ,
นอ,
นอกกาย,1
นอกบ้าน,1
นอกเมือง,1
นอกเวลา,1
นอกใจ,
นอน,1
นอนขด,
นอนมา,
นอนละเมอ,
นอนหลับ,1
นอนเล่น,1
นอนไม่หลับ,
นะคะ,
นะค้า,
นะจ๊ะ,
นักกีฬา,1
นักดนตรี,1
นักร้อง,1
นักวิทย์,1
นักศึกษา,1
นักหนา,
นักเขียน,1
นักเรียน,1
นักแปล,1
นักแสดง,1
นัค,
นัง,
นัดดา,
นัน,
นันทนาการ,1
นันทภิขุ,
นันอิ้ก,
นับถือ,
นัมบะ,
นัย,
นั่งลง,
นั่งเล่น,
นั่จะ,
นั่นสิ,
นั่ม,
นั่รถ,
นั่ล,
นั้,
นั้ง,
นั้นแหละ,
นั้ม,
นั้ลรั้ข,
นั๊ล๊าก,
นา,
นาก,1
นางฟ้า,1
นางเลิ้ง,1
นางเอก,1
นางแบบ,1
นางใน,1
นาฏศิลป์,1
นาถ,
นานาชาติ,1
นาม,1
นามสมมุติ,1
นายจ้าง,1
นายพล,1
นายร้อย,1
นาว,
นาฬิกา,1
นำทาง,
นิ,
นิค,
นิคม,
นิด,
นิดนึง,
นิดหน่อย,
นิดเดียว,
นิด้า,
นิติ,1
นิติบัญญัติ,1
นิติศาสตร์,1
นิทร,
นิทรรศการ,1
นินทา,
นิมมาน,
นิยาย,1
นิรนาม,1
นิรันดร์,1
นิล,
นิว,
นิวตัน,1
นิวส์,
นิวัต,
นิวเคลียร์,1
นิสัย,
นิสิต,1
นิเทศ,1
นิเทศศาสตร์,1
นิเวศ,1
นิ่,
นิ่งเงียบ,
นิ่ว,1
นิ่อยจน,
นิ้,
นิ้ง,
นิ้ย,
นิ้ว,1
นิ้วมือ,1
นิ้วเท้า,1
นี,
นีก,
นีง,
นีโอ,
นี้แหละ,
นึกถึง,
นึกได้,
นึกไม่ออก,
นึง,
นึ่ง,
นุ,
นุง,
นุด,
นุ่ง,
นุ่ม,
นุ้ง,
นุ้งจนมั่ก,
นุ้ย,
นู,
นูน,
นู้,
นู้ด,
นู๋,
นโยบาย,1
น็อก,
น็อค,
น่ง,
น่ย,
น่ยย,
น่ยเซ่,
น่อง,
น่อย,
น่อล,
น่ากลัว,1
น่ากิน,1
น่าขำ,1
น่าคิด,
น่าน,
น่าฟัง,1
น่ามอง,1
น่ารัก,1
น่ารักน่าเอ็นดู,1
น่ารำคาญ,1
น่าสนุก,1
น่าอยู่,
น่าอ่าน,1
น่าเกลียด,1
น่าเบื่อ,1
น่าเศร้า,1
น่าแปลกใจ,1
น่าไว้ใจ,1
น่ำ,
น้,
น้ง,
น้ย,
น้อ,
น้อคน,
น้อง,1
น้องสาว,1
น้องใหม่,1
น้อน,
น้อยที่สุด,
น้อยใจ,
น้ออ,
น้ะ,
น้า,1
น้าน,
น้ำ,1
น้ำจิ้ม,1
น้ำดี,1
น้ำตา,1
น้ำตาล,1
น้ำตาลทราย,1
น้ำตาลทรายแดง,1
น้ำตาไหล,
น้ำท่วม,
น้ำผลไม้,1
น้ำผึ้ง,1
น้ำฝน,1
น้ำมัน,1
น้ำมูก,1
น้ำยา,1
น้ำร้อน,1
น้ำลด,1
น้ำหนัก,1
น้ำหวาน,1
น้ำหอม,1
น้ำอุ่น,1
น้ำเงิน,1
น้ำเต้าหู้,1
น้ำแข็ง,1
น้ำใจ,1
น๊,
น๊อน,
น๊า,
น๋อน,
น์,
บ,
บก,
บง,
บงกช,
บช,
บดินทร์,
บดี,
บท,1
บทความ,1
บทสนทนา,1
บบ,
บพิตร,
บพิทธ,
บพิธ,
บย,
บร,
บรม,
บรร,
บรรณารักษ์,1
บรรยากาศ,1
บรรเทา,
บรวร,
บรา,
บริการ,1
บริบูรณ์,
บริษัท,1
บริเวณ,1
บร๊ะ,
บลู,1
บล็อก,
บล็อค,1
บล็อดเฟส,
บล๊อก,
บวกลบคูณหาร,
บวช,1
บวม,1
บวมน้ำ,1
บวร,
บอ,
บอก,
บอกทาง,
บอกบุญ,1
บอกลา,
บอกเลิก,
บอดี้,1
บอน,
บอย,1
บอร์ด,1
บอล,1
บอส,1
บะ,
บัค,
บัคคน,
บัคร,
บัง,1
บังกะโล,1
บังอาจ,
บัญชี,1
บัณฑิต,1
บัณฑิตศึกษา,1
บัตร,1
บัตรประจำตัว,1
บัตรประจำตัวประชาชน,1
บัตรประชาชน,1
บัตรเครดิต,1
บัน,
บันดาล,
บันได,1
บับ,
บัม,
บัย,
บัว,1
บัวลอย,1
บัส,
บั่นทอน,
บั่บ,
บั้ง,
บา,
บางคน,
บางคราว,
บางที,
บางท่าน,
บางนา,
บางหว้า,
บางเวลา,
บางแค,
บาด,
บาดแผล,1
บาต,1
บาท,1
บาน,
บาป,1
บาย,
บาร์,1
บาร์บีคิว,1
บาร์เทนเดอร์,1
บาส,1
บาหลี,1
บำรุง,1
บำเพ็ญ,
บำเรอ,
บิ,
บิณฑบาต,1
บิดขี้เกียจ,
บิดา,1
บิน,
บิล,
บิ้ก,
บิ๊ก,
บี,
บีตร,
บีท,
บีทีเอส,1
บีท็อค,1
บีบี,
บีม,
บีเอ็ม,1
บี้,
บี๋,
บึก,
บึกบึน,
บึง,
บืน,
บือ,
บื่,
บุ,
บุก,
บุคคล,1
บุญ,1
บุตร,1
บุรี,
บุรีรัมย์,1
บุหรี่,1
บุ้ค,
บุ๊ค,
บู,
บูชา,1
บูด,
บูนัมบะเปน,
บูม,
บูร,
บูรณะ,
บูรพา,1
บูล,
บ่,
บ่น,1
บ่นว่า,
บ่อ,1
บ่า,
บ่าย,1
บ่ายโมง,1
บ่าว,1
บ้ทง,
บ้สง,
บ้อ,
บ้อง,
บ้า,1
บ้าน,1
บ้านนอก,1
บ้านมนังคศิลา,1
บ้าบอ,
บ้่าง,
บ๊อบ,
ป,
ปก,1
ปกติ,
ปกป้อง,
ปกหนังสือ,1
ปการ,
ปกเกล้า,1
ปกแข็ง,1
ปข,
ปฃา,
ปคุ่,
ปจด,
ปจบ,
ปชก,
ปชช,
ปชต,
ปฎิ,
ปฐม,1
ปฐมนิเทศ,1
ปฐมฤกษ์,1
ปณ,
ปตท,
ปท,
ปทุม,1
ปทุมธานี,1
ปปช,
ปม,
ปย,
ปรนัย,
ปรอย,
ประกวด,1
ประกันภัย,1
ประคอง,
ประคับประคอง,
ประจวบ,1
ประจำปี,
ประจำวัน,
ประจำเดือน,1
ประชด,1
ประชดประชัน,
ประชา,
ประชากร,1
ประชาชน,1
ประชาธิปไตย,1
ประชุมเพลิง,
ประตู,1
ประตูน้ำ,1
ประทาน,
ประท้วง,
ประธาน,1
ประปา,1
ประพฤติ,
ประมง,1
ประวัติ,1
ประวัติศาสตร์,1
ประสบการณ์,1
ประสบปัญหา,1
ประสบภัย,1
ประสาท,
ประสานเสียง,
ประหลาด,1
ประเด็น,
ประเทศ,1
ประเทศชาติ,1
ประเทศไทย,1
ประเพณี,1
ประเสริฐ,
ประโยค,1
ประโยคบอกเล่า,1
ประโยชน์,1
ปรัก,
ปรัชญา,1
ปรับทุกข์,
ปรารภ,
ปราสาท,1
ปราโมทย์,
ปริ,
ปริญญาตรี,1
ปริญญาบัตร,1
ปริบ,
ปริมาณ,1
ปริวาส,
ปริศนา,1
ปริ้าน,
ปริ๊น,
ปริ๊นต์,
ปล,
ปลคบ,
ปลวก,1
ปลอกแขน,1
ปลอบ,
ปลอบประโลม,
ปลอบใจ,
ปลอม,1
ปลอมตัว,1
ปละ,
ปลัด,1
ปลั๊ก,1
ปลั๊กไฟ,1
ปลา,1
ปลากด,1
ปลากระป๋อง,1
ปลาย,
ปลายทาง,1
ปลายนิ้ว,1
ปลายเดือน,1
ปลายแถว,1
ปลาหมึก,1
ปลาโลมา,1
ปลาไหล,1
ปลื้ม,
ปลุก,
ปล่อยวาง,
ปว,
ปวง,
ปวช,
ปวด,1
ปวดท้อง,1
ปวดฟัน,1
ปวดหลัง,1
ปวดหัว,1
ปวดใจ,1
ปสม,
ปห,
ปหอ,
ปอ,
ปอย,
ปัก,
ปักษ์ใต้,1
ปัจจัยภายนอก,1
ปัจจุบัน,1
ปัจฉิม,1
ปัจฉิมนิเทศ,1
ปัญหา,1
ปัญหาโลกแตก,1
ปัต,
ปัน,
ปัย,
ปัส,
ปัสสาวะ,1
ปั่น,
ปั้นหน้า,
ปั้บ,
ปั้ม,
ปั้มฟอล,
ปั้มไลค์,
ปั๊บ,
ปั๊ป,
ปั๊ม,1
ปั๊มน้ำมัน,1
ปา,
ปาก,1
ปากกา,1
ปากคลอง,1
ปากซอย,1
ปากนกกระจอก,1
ปากน้ำ,1
ปากมาก,
ปากร้าย,
ปากหมา,
ปากหวาน,
ปากแข็ง,
ปาด,
ปาท่องโก๋,1
ปาน,
ปาม,
ปารีส,1
ปาร์ค,1
ปาร์ตี้,1
ปาล์ม,1
ปาว,
ปำ,
ปิง,
ปิงปอง,1
ปิดกิจการ,1
ปิดทาง,
ปิดบัญชี,1
ปิดหน้า,
ปิดเทอม,1
ปิน,
ปิโตรเลียม,1
ปิ่,
ปิ่น,1
ปิ้ง,
ปิ้น,
ปิ๊ก,
ปิ๊ง,
ปี,1
ปีกนก,1
ปีการศึกษา,1
ปีกุน,1
ปีน,
ปีนป่าย,
ปีหน้า,
ปีใหม่,1
ปึก,
ปืด,
ปืน,1
ปุ,
ปุจฉา,1
ปุ่ม,1
ปุ่มกด,1
ปุ้บ,
ปุ้ป,
ปุ๊,
ปุ๊บ,
ปู,
ปูน,
ปู๊นปู๊น,
ป็อป,
ป็อปคอร์,1
ป่วน,
ป่วยหนัก,
ป่วยไข้,1
ป่อง,
ป่ะ,
ป่า,1
ป่าช้า,1
ป่าน,
ป่านนี้,
ป่าว,
ป่าวร้อง,
ป้อ,
ป้อง,
ป้อม,1
ป้ะ,
ป้ะคน,
ป้ะว้ะ,
ป้า,
ป้าบ,
ป้าย,1
ป้ายรถเมล์,1
ป๊อป,
ป๊า,
ป๋มม,
ป๋วย,
ป๋วยคน,
ป๋วยป,
ป๋วยอึ๊ง,
ป๋อง,
ป์,
ผ,
ผง,1
ผงซักฟอก,1
ผช,
ผชคน,
ผชคบ,
ผชงงป,
ผชผญ,
ผญ,
ผญก้,
ผญคน,
ผญผม,
ผญมศว,
ผญอ้ะ,
ผด,
ผนัง,1
ผปค,
ผมบาง,1
ผมบ๊อบ,1
ผมม้า,1
ผมหยิก,1
ผล,1
ผลการวิจัย,1
ผลการเรียน,1
ผลข้างเคียง,1
ผลงาน,1
ผลดี,1
ผลตอบแทน,1
ผลบุญ,1
ผลผลิต,1
ผลสอบ,1
ผลัก,
ผลักไส,
ผลิ,
ผลเสีย,1
ผลไม้,1
ผศดร,
ผอง,
ผอม,
ผัก,1
ผักกาดดอง,1
ผักโขม,1
ผัง,1
ผังเมือง,1
ผับ,1
ผัว,1
ผิ,
ผิดคน,
ผิดระเบียบ,1
ผิดหวัง,
ผิดเวลา,
ผิว,1
ผิวกาย,1
ผิวขาว,1
ผิวคล้ำ,1
ผิวสองสี,1
ผิวหนัง,1
ผี,1
ผีตองเหลือง,1
ผีสิง,
ผีเสื้อ,1
ผึ้ง,1
ผื่น,1
ผุ้,
ผูกขาด,1
ผูกคอตาย,1
ผู้กระทำ,1
ผู้ขาย,1
ผู้คน,1
ผู้ชาย,1
ผู้ดูแล,1
ผู้นำ,1
ผู้ปกครอง,1
ผู้พิพากษา,1
ผู้พิพากษาหัวหน้าศาล,1
ผู้รอบรู้,1
ผู้รับ,1
ผู้รู้,1
ผู้รู้แจ้ง,1
ผู้สูงอายุ,1
ผู้หญิง,1
ผู้อื่น,1
ผู้เยาว์,1
ผู้โดยสาร,1
ผู้ใช้,1
ผู้ใด,
ผู้ใหญ่,1
ผ่อน,
ผ่อนคลาย,1
ผ่อนผัน,1
ผ่า,
ผ่านฟ้า,
ผ่านหน้า,
ผ้า,1
ผ้าถุง,1
ผ้าปูโต๊ะ,1
ผ้าพันคอ,1
ผ้าลาย,1
ผ้าห่ม,1
ผ้าอนามัย,1
ผ้าเช็ดตัว,1
ผ้าใบ,1
ฝ,
ฝช้,
ฝน,
ฝนตก,1
ฝนหลวง,1
ฝฝ,
ฝรั่ง,1
ฝรั่งเศส,1
ฝันดี,
ฝันเปียก,
ฝั่ง,1
ฝั่งธน,1
ฝั่งธนฯ,1
ฝา,
ฝากเงิน,
ฝาด,
ฝี,1
ฝีมือ,
ฝืน,
ฝืนยิ้ม,
ฝุด,
ฝุ่น,
ฝ่าย,
พ,
พก,
พง,
พจ,
พจน,
พจี,
พชม,
พญา,1
พญานาค,1
พฐ,
พท,
พน,
พนม,
พนมมือ,
พนักงาน,1
พนัส,
พบเห็น,
พม่า,1
พย,
พยนต์,
พยากรณ์อากาศ,1
พยาธิ,1
พยาบาล,1
พยาม,
พยุง,
พร,1
พรม,1
พรมเช็ดเท้า,1
พรรณ,
พรหม,1
พรหมลิขิต,1
พระ,1
พระคุณ,1
พระจันทร์,1
พระที่นั่งอนันตสมาคม,1
พระนคร,1
พระนครเหนือ,1
พระบรมฉายาลักษณ์,1
พระบรมธาตุ,1
พระบรมราชานุสาวรีย์,1
พระบรมราชูปถัมภ์,1
พระบรมรูป,1
พระบรมศพ,1
พระบาทสมเด็จพระปรมินทรมหาภูมิพลอดุลยเดช,1
พระมหากรุณาธิคุณ,1
พระมหากษัตริย์,1
พระราชกรณียกิจ,1
พระราชทาน,1
พระราชพิธี,1
พระราชวัง,1
พระราชอิสริยยศ,1
พระราม,1
พระรามเก้า,1
พระรูป,1
พระศพ,1
พระสังฆราช,1
พระองค์,1
พระอาทิตย์,1
พระอินทร์,1
พระเจ้า,1
พระเอก,1
พราก,
พราน,
พรำ,
พริก,1
พริกไทย,1
พริบตา,
พรีเซนต์,
พรุ่ง,
พรุ่งนี้,1
พรูด,
พร่อง,
พร่า,
พฤ,
พฤกษศาสตร์,1
พฤกษา,1
พฤติกรรม,1
พฤหัส,1
พล,
พลอย,1
พลอยไพลิน,1
พละ,1
พลัง,1
พลังงาน,1
พลัด,
พลัส,
พลั้ง,
พลาซ่า,1
พลาด,
พลาดท่า,
พลาสติก,1
พลาสเตอร์,1
พลิ,
พลิก,
พลี,
พลู,
พล่าม,
พวก,
พวกคุณ,
พวกเขา,
พวกเรา,
พวงมาลัย,1
พส,
พหล,
พหลโยธิน,1
พหอ,
พหุ,
พอก,
พอกัน,
พอกับ,
พอตัว,
พอร์ต,
พอให้,
พอได้,
พอไปได้,
พะเยา,1
พะโล้,1
พักผ่อนหย่อนใจ,
พักพิง,
พักสมอง,
พักเที่ยง,
พักใหญ่,
พัง,
พังงา,1
พัฒน,
พัฒนาการ,1
พัด,1
พัดลม,1
พัทยา,1
พันธุศาสตร์,1
พันธ์,1
พับ,
พับผ้า,
พัม,
พัวพัน,
พัศ,
พัสดุ,1
พัสดุไปรษณีย์,1
พาณิชย์,1
พาต้า,1
พาท,
พาน,
พาม,
พาย,
พารากอน,1
พาราไดซ์,1
พาร์ค,1
พาร์ท,1
พาร์ทไทม์,1
พาล,
พาส,
พาสปอร์ต,1
พาสเทล,1
พาหุ,
พาหุรัด,1
พิกัด,
พิจารณาคดี,1
พิช,
พิซซ่า,1
พิทบูล,1
พิทักษ์,1
พิธี,1
พิธีกร,1
พิธีการ,1
พิน,
พินี,
พินีคน,
พิพิธภัณฑ์,1
พิม,
พิมาน,1
พิษณุโลก,1
พิเชฐ,
พิเชษฐ์,1
พิ้ก,
พี,
พีค,
พีช,1
พีวีซี,1
พี่,
พี่ชาย,1
พี่น้อง,1
พี่สาว,1
พึงกระทำ,
พึงมี,
พืเน,
พื่น,
พื้น,1
พื้นฐาน,1
พื้นดิน,1
พื้นที่,1
พุ,
พุง,1
พุงป่อง,1
พุด,
พุทธ,1
พุทธมณฑล,1
พุธ,1
พุ่ง,
พุ้ง,
พู,
พูดจา,
พูดถึง,
พูดน้อย,
พูดมาก,
พูดว่า,
พูดเก่ง,
พู่กัน,1
พเฟ่,
พเลค,
พแมท,
พ็อกเก็ต,
พ่อ,1
พ่อครัว,1
พ่อค้า,1
พ่อหลวง,1
พ่อแม่,1
พ่ะ,
พ่ายแพ้,
พ้นไป,
พ้อ,
ฟ,
ฟฟ,
ฟฟิค,
ฟรั่ง,
ฟร้ะ,
ฟล,
ฟลุ๊ก,
ฟวย,
ฟอ,
ฟอกสี,1
ฟอง,1
ฟองน้ำ,1
ฟอน,
ฟอร์จูน,1
ฟะ,
ฟัค,
ฟังออก,
ฟังเพราะ,
ฟังเพลง,1
ฟังได้,
ฟัด,
ฟัน,1
ฟันกราม,1
ฟันดาบ,1
ฟันปลอม,1
ฟัา,1
ฟาด,
ฟาย,
ฟาส,
ฟาสคน,
ฟิ,
ฟิค,
ฟิคจอย,
ฟิต,
ฟิน,
ฟิมล์,
ฟิล,
ฟิลม์,
ฟิล์ม,1
ฟิว,
ฟิวคน,
ฟิวคนรอ,
ฟิวมั่ก,
ฟิวรอ,
ฟิวรอคน,
ฟิวฯ,
ฟิวเจอร์,1
ฟิวเจอร์ปาร์ค,1
ฟิส,
ฟิสิกส์,1
ฟิสเนสหอบี,
ฟี,
ฟี่,
ฟืตเนส,
ฟื้น,
ฟุ,
ฟุต,
ฟุตซอล,1
ฟุตบาท,1
ฟุ้งซ่าน,
ฟู,
ฟูก,
ฟูมฟาย,
ฟู่,
ฟู๊ด,
ฟเฟ,
ฟเฟต์,
ฟเฟย์,
ฟเฟล,
ฟเฟ่,
ฟ่กืำาท,
ฟ้อน,
ฟ้ะ,
ฟ้า,1
ฟ้าร้อง,
ฟ้่า,
ภ,
ภปร,
ภริยา,1
ภะ,
ภัทร,
ภัย,1
ภัยพิบัติ,1
ภา,
ภากร,
ภาค,1
ภาคการศึกษา,1
ภาควิชา,1
ภาคอีสาน,1
ภาคเรียน,1
ภาคเหนือ,1
ภาชี,
ภาพ,1
ภาพถ่าย,1
ภาพรวม,1
ภาพลักษณ์,1
ภาม,
ภายนอก,
ภารกิจ,1
ภาระ,1
ภาษา,1
ภาษาจีน,1
ภาษาซี,1
ภาษาต่างประเทศ,1
ภาษาศาสตร์,1
ภาษาอังกฤษ,1
ภาษาเยอรมัน,1
ภาษาไทย,1
ภาษี,1
ภิรม,
ภิรมย์,
ภีม,
ภีร์,
ภุ,
ภู,
ภูมิศาสตร์,1
ภูมิแพ้,1
ภูเก็ต,1
ภูเขา,1
ม,
มก,
มกราคม,1
มข,
มคกพ,
มคร,
มง,1
มงกุฎ,1
มงคล,
มจธ,
มจพ,
มช,
มชคน,
มชคร่ะ,
มณฆล,
มณฑล,1
มณทล,
มด,1
มดลูก,1
มดี,
มตะ,
มติ,
มถึ,
มท,
มธ,
มธคน,
มธตก,
มธธัคไลฟ์,
มธรถ,
มธอยุ่,
มธเปน,
มน,
มนต์,1
มนัส,
มนุ,
มนุษยวิทยา,1
มนุษยศาสตร์,1
มนุษย์,1
มนุษย์ล่องหน,1
มนุษย์ศาสตร์,1
มบ,
มบู,
มฟล,
มมส,
มมั้ง,
มมาก,
มรดก,1
มละ,
มลื่น,
มวย,1
มวยผม,1
มวลชน,1
มวอ,
มศก,
มศว,
มศวป้ะ,
มหรรณพ,
มหรรสพ,
มหรศพ,
มหรสพ,1
มหัศจรรย์,1
มหา,
มหาดไทย,1
มหาธาตุ,1
มหาราช,1
มหาลัย,1
มหาวิทยาลัย,1
มหาวิทยาลัยธรรมศาสตร์,1
มหาวิทยาลัยรามคำแหง,1
มหาวิทยาลัยสงขลานครินทร์,1
มหาสารคาม,1
มหาโหด,
มหิ,
มห้,
มอ,
มอขอ,
มอค,
มอคน,
มอง,
มองตาม,
มองว่า,
มองหน้า,
มองหา,
มองโลกในแง่ดี,
มองโลกในแง่ร้าย,
มองไม่เห็น,
มอชอ,
มอญ,
มอด,
มอน,
มอบู,
มอปริ๊น,
มอป้ะ,
มอพอ,
มอมั้ง,
มอยบน,
มอล,1
มอลล์,1
มอห๊กก,
มอเตอร์,1
มอเตอร์เวย์,1
มอเตอร์ไซค์,1
มอเน้,
มอเวอชั่น,
มอไซค์,
มอไซด์,
มะ,
มะคะ,
มะนาว,1
มะบ้า,
มะม่วง,1
มะยม,1
มะละกอ,1
มะล่อกมะแล่ก,
มะเกลือ,
มะเร็ง,1
มะโต,
มักกะสัน,1
มักกะโรนี,1
มัคร,
มัฆวาน,1
มัง,
มังกร,1
มังคุด,1
มังสวิรัติ,
มัด,
มัธยม,1
มัธยมต้น,1
มัธยมปลาย,1
มันดี,
มัย,
มัว,
มั่ก,
มั่ง,
มั่งมี,
มั่น,
มั่นคงถาวร,
มั่นใจตัวเอง,
มั่ม,
มั่ย,
มั่ยห,
มั่ยหวั่ย,
มั่ว,
มั่วนิ่ม,
มั้ก,
มั้ง,
มั้งง,
มั้งหยอ,
มั้งอิ,
มั้น,
มั้ย,
มั้ยะ,
มั๊ก,
มั๊ง,
มั๊ย,
มั๊ยะ่ะ,
มากเกินไป,
มาจาก,
มาตรฐาน,
มาตรา,
มาตามหา,
มาตี,
มาทัน,
มาน,
มานะ,1
มานี,1
มาย,
มายัง,
มาร,
มารยาท,
มาลา,
มาศ,
มาส,
มาสก์,
มาสคอต,1
มาสคาร่า,1
มาสาย,
มาหา,
มาโดยตลอด,
มิชชันนารี,1
มิชชั่น,1
มิดเทอม,1
มิตร,1
มิถุนายน,1
มิลลิกรัม,1
มิวสิค,1
มิส,
มิสเตอร์,1
มิเตอร์,
มิ้ก,
มิ้ง,
มิ้น,
มิ้ว,
มิ้วอยุ่,
มีความจำเป็น,
มีความผิด,
มีความรู้,
มีความรู้สึก,
มีความสุข,
มีความหวัง,
มีคุณค่า,
มีชัย,
มีชื่อ,
มีชู้,
มีด,1
มีต,
มีทาง,
มีธุระ,
มีน,
มีนบุรี,1
มีนัด,
มีนัย,
มีนาคม,1
มีน้ำใจ,
มีประสบการณ์,
มีปัญหา,
มีผลกระทบ,
มีผลต่อ,
มีพิษ,
มีรส,
มีระดับ,
มีระเบียบ,
มีราคา,
มีลูก,
มีสติ,1
มีสิทธิ์,
มีหน้า,
มีหวัง,
มีหัว,
มีอันจะกิน,
มีอายุ,
มีอิสระ,
มีเงิน,
มีเจ้าของ,
มีเดีย,1
มีเพศสัมพันธ์,
มีเรื่อง,
มีเรื่องมีราว,
มีเสียง,
มีเหตุผล,
มีเหตุมีผล,
มีแนวโน้ม,
มีโอ,
มีใจ,
มี่,
มี้,
มึ,
มึง,
มึน,
มึรถ,
มึ้ง,
มืง,
มือ,
มือขึ้น,
มือตก,
มือถือ,1
มือปืน,1
มือสอง,1
มื่อน,
มื้อ,1
มุ,
มุก,1
มุกดาหาร,1
มุข,1
มุง,
มุม,
มุมมอง,1
มุ่งหน้า,
มุ้ง,
มุ้ย,
มู,
มูพ,
มูฟ,
มูล,
มูเก้,
มู่,
มโน,
มไลร์,
ม่,
ม่วง,1
ม่วน,
ม่ศ,
ม่อ,
ม่อต้อ,
ม่อน,
ม่ะ,
ม่า,
ม่าง,
ม่างง,
ม่าน,
ม่าย,
ม่ารส,
ม้,
ม้วก,
ม้ะ,
ม้า,
ม้าง,
ม๊,
ม๊า,
ม๊าย,
ม๋,
ม์,
ย,
ยกกำลัง,
ยกมือ,
ยกโทษ,1
ยก้,
ยง,
ยด,
ยด์,
ยติ,
ยท์,
ยน,
ยนต์,
ยนน,
ยนยย,
ยปล,
ยม,
ยมราช,
ยย,
ยยน,
ยยนย,
ยร์,
ยล,
ยวะ,
ยศ,1
ยษ,
ยอ,
ยอก,
ยอด,
ยอดเงิน,1
ยอน,
ยอมแพ้,1
ยะ,
ยัก,
ยังกับ,
ยังงัย,
ยังไง,
ยัด,
ยัดเยียด,
ยัน,
ยัว,
ยัาย,
ยัายร,
ยั่กดั้ย,
ยั่ง,
ยั่งยืน,1
ยั้ง,
ยั๋ง,
ยา,
ยากจน,
ยากันยุง,1
ยากิน,1
ยาขยัน,1
ยาคุ,
ยาคุม,1
ยาฆ่าเชื้อ,1
ยางยืด,1
ยาชา,1
ยาด,
ยาดม,1
ยาทา,1
ยาน,1
ยานนาวา,1
ยานอนหลับ,1
ยาบ้า,1
ยาม,1
ยามา,
ยาย,1
ยาสระผม,1
ยาสีฟัน,1
ยาหม่อง,1
ยาแก้ปวด,1
ยาใจ,1
ยำ,1
ยิงประตู,
ยิงปืน,
ยิน,
ยิม,1
ยิมเนเซียม,
ยิ่งกว่า,
ยิ่งนัก,
ยิ้ม,1
ยิ้มแห้ง,1
ยี,
ยีน,1
ยีนส์,1
ยีสต์,1
ยี่,
ยี่สิบ,1
ยี่ห้อ,1
ยี้,
ยี๋,
ยืดตัว,
ยืน,
ยืนนาน,
ยื่น,
ยื่นมือ,
ยื้อ,
ยื๊ม,
ยุ,
ยุค,1
ยุง,1
ยุบยิบ,
ยุ่,
ยุ่ง,
ยุ่บ,
ยู,
ยูง,
ยูพลัส,1
ยูโด,1
ยู่,
ยู้,
ย่,
ย่อมเยา,
ย่อมเยาว์,
ย่อหน้า,
ย่า,
ย่าง,
ย่าน,
ย่ำแย่,
ย้อม,
ย้อมสี,
ย้อมใจ,
ย้อเย่น,
ย้าก,
ย้านม,
ย้ายที่,1
ย้ายบ้าน,1
ย้ายออก,
ย้ำ,
ย๊าก,
ย๋อ,
ย์,
ร,
รก,
รง,
รณ,
รณา,
รด,
รดี,
รต,
รติ,
รถ,
รถจักรยาน,1
รถจักรยานยนต์,1
รถติด,
รถตู้,1
รถทัวร์,1
รถพยาบาล,1
รถยนต์,1
รถราง,1
รถสองแถว,1
รถเข็น,1
รถเมล์,1
รถโดยสาร,1
รถโดยสารประจำทาง,1
รถไฟ,1
รถไฟฟ้า,1
รถไฟใต้ดิน,1
รท,
รน,
รนด,
รบ,
รป,
รปภ,
รปศมช,
รพ,
รพี,
รฟฟ,
รม,
รมย์,
รยล,
รยศ,
รร,
รรคน,
รรชล,
รวน,
รวมตัวกัน,
รวิ,
รศดร,
รส,
รสจัด,
รสชาติ,1
รสนิยม,1
รหัส,1
รหัสผ่าน,1
รอก,1
รองทรง,1
รองพื้น,1
รองเท้า,1
รองเท้าผ้าใบ,1
รองเท้าส้นสูง,1
รองเท้าหนัง,1
รองเท้าหุ้มส้น,1
รองเท้าแตะ,1
รอด,
รอดพ้น,
รอดไป,
รอบข้าง,
รอบนอก,
รอบรู้,
รอย,
รอยต่อ,1
รอยยิ้ม,1
รอยไหม้,1
รอหน้า,
รอเวลา,
ระฆัง,1
ระดับ,1
ระดับโลก,1
ระนาดเอก,1
ระบบ,1
ระบบประสาท,1
ระยะ,1
ระยะทาง,1
ระยะห่าง,1
ระยะเวลา,1
ระราน,
ระลึก,
ระวังตัว,
ระหองระแหง,
ระเบิด,1
ระเบียง,1
ระเบียบ,1
ระแวง,1
รัก,
รักจริง,
รักบี้,1
รักษาการ,
รักษาพยาบาล,
รักษาโรค,
รักเดียว,
รักแท้,1
รักแรก,1
รัง,1
รังควาน,
รังสิ,
รังสิต,1
รังสี,1
รังเกียจ,
รังแค,1
รัช,
รัชกาล,1
รัชดา,1
รัชโยธิน,1
รัซเซีย,1
รัฐ,1
รัฐศาสตร์,1
รัด,
รัต,
รัตนบัณฑิต,1
รัตนา,1
รัตนโกสินทร์,1
รัตน์,
รัน,
รับจ้าง,1
รับน้อง,1
รับประทาน,1
รับปริญญา,1
รับฝาก,
รับฟัง,
รับมือ,
รับรางวัล,1
รับราชการ,1
รับสมัคร,1
รับเสด็จ,1
รับได้,
รัย,
รัล,
รัลเว,
รัลเวิร์ล,
รัลเวิล,
รัว,
รัสเซีย,1
รัาน,1
รั่ม,
รั้ง,
รั้งท้าย,
รั้ยย,
รั้ว,
รั๊ว,
ราก,1
ราคา,1
ราคาคุย,
ราง,1
รางรถไฟ,1
รางวัล,1
ราช,
ราชการ,1
ราชบุรี,1
ราชพฤกษ์,1
ราชพิธี,1
ราชภัฏ,1
ราชมงคล,1
ราชวงศ์,1
ราชา,1
ราชาธิวาส,1
ราชินี,1
ราดหน้า,1
ราตรี,1
ราตรีสวัสดิ์,1
ราน,
ราม,1
รามคำแหง,1
รามอินทรา,1
รามา,1
รายการ,1
รายงาน,
รายงานตัว,
รายจ่าย,1
รายชื่อ,1
รายปี,
รายละเอียด,1
รายล้อม,
รายวัน,
รายวิชา,
รายเดือน,
รายได้,1
รายได้พิเศษ,1
ราวกับ,
ราวกับว่า,
ราวตากผ้า,1
ราษฎร์,
ราษฏร์,
รำ,
รำคาญ,1
รำลึก,
รำไทย,1
ริ,
ริก,
ริน,
ริม,
ริมถนน,1
ริมทะเล,1
ริ่ม,
ริ้น,
ริ้ว,
ริ๊ง,
รี,
รีด,1
รีดผ้า,1
รีม,
รีสอร์ท,1
รีเซ็ต,
รีโมท,1
รีไซเคิล,
รี่,
รี้,
รึ,
รึปล่าว,
รึเปล่า,
รืออ,
รุ,
รุก,
รุงรัง,
รุม,
รุย,
รุ่งโรจน์,
รุ่น,1
รุ่นน้อง,1
รุ่นพี่,1
รุ่นเก่า,1
รุ้,
รุ้ง,1
รุ้งกินน้ำ,1
รู,1
รูขุมขน,1
รูด,
รูป,1
รูปคน,1
รูปถ่าย,1
รูปทรง,1
รูปประกอบ,1
รูปปั้น,1
รูปภาพ,1
รูปร่าง,1
รูปร่างหน้าตา,1
รูปหน้า,1
รูปแบบ,1
รูฟ,
รูม,1
รู้กัน,
รู้ซึ้ง,
รู้ดี,
รู้ตัว,
รู้ที,
รู้สึกตัว,
รู้อยู่,
รู้อยู่แก่ใจ,
รู้เท่าไม่ถึงการณ์,
รู้เรื่อง,
รู้เรื่องราว,
รู้ใจ,
รโห,
ร็อก,
ร่,
ร่จ,
ร่ม,1
ร่มเกล้า,1
ร่มไม้,1
ร่วง,
ร่อ,
ร่อง,
ร่า,
ร่างกาย,1
ร่าน,
ร่าเริง,
ร้,
ร้จ,
ร้บคง,
ร้อค,
ร้องเรียก,
ร้องเรียน,
ร้อนตัว,
ร้อนแรง,
ร้อนใจ,
ร้อนใน,1
ร้า,
ร้าง,
ร้าน,1
ร้านกาแฟ,1
ร้านขายดอกไม้,1
ร้านขายยา,1
ร้านขายหนังสือ,1
ร้านขายเครื่องเขียน,1
ร้านค้า,1
ร้านซักรีด,1
ร้านซักแห้ง,1
ร้านตัดผม,1
ร้านหนังสือ,1
ร้านอาหาร,1
ร้านเครื่องเขียน,1
ร้านเสริมสวย,1
ร้านเหล้า,1
ร้าว,
ร๊บ,
ร๊าก,
ร๋,
ร๋จ,
ร์,
ร์ช,
ร์นเสิร์ต,
ร์บัค,
ร์ป้ะ,
ร์ส,
ฤกษ์,
ล,
ลก,
ลงกลอน,
ลงคอ,
ลงจุด,
ลงชื่อ,1
ลงตัว,
ลงทะเบียนเรียน,1
ลงท่า,
ลงนอน,
ลงรถ,
ลงรัก,
ลงลายมือชื่อ,
ลงวันที่,
ลงหิน,
ลงเรือ,1
ลงแดง,
ลดความอ้วน,1
ลดน้อยลง,
ลดน้ำหนัก,1
ลดราคา,1
ลดหย่อน,1
ลดา,
ลตี้,
ลทบ,
ลน,
ลบรอย,
ลป้ะ,
ลผล,
ลฟิล,
ลม,1
ลมบ้าหมู,1
ลย,
ลลคอล,
ลลิ่ง,
ลวก,
ลวด,1
ลวนลาม,
ลอกแบบ,
ลองดู,
ลองใจ,
ลอตเตอรี่,1
ลอยกระทง,1
ลอร,
ลอร์ด,
ลอว,
ลอว์,
ละคร,1
ละครเวที,1
ละติจูด,1
ละมา,
ละมุน,
ละมุนละไม,
ละว้อ,
ละสายตา,
ละเมอ,
ละเม็ด,
ละเลย,
ละแวก,
ลัก,
ลักษณะ,1
ลัง,
ลังเล,
ลัทธิ,1
ลับตา,
ลับหลัง,
ลัย,
ลัว,
ลั่น,
ลา,
ลาง,
ลางาน,
ลาจาก,
ลาด,
ลาดกระบัง,1
ลาดพร้าว,1
ลาน,1
ลานจอดรถ,1
ลาบ,1
ลาภ,1
ลาม,
ลาย,1
ลายเซ็น,1
ลายแทง,1
ลาว,1
ลาวา,1
ลำ,1
ลำคอ,1
ลำต้น,1
ลำบากใจ,
ลำปาง,1
ลำพู,1
ลำโพง,1
ลำไย,1
ลำไส้,1
ลิ,
ลิขิต,
ลิง,
ลิงค์,
ลิด,
ลิป,
ลิปซิงค์,
ลิปสติก,1
ลิฟต์,1
ลิฟท์,
ลิมิต,
ลิ้ง,
ลิ้งค์,
ลิ้น,1
ลิ้นชัก,1
ลี,
ลีลา,
ลีลาศ,1
ลีโอ,1
ลี่,
ลี้ลับ,
ลึกลับ,
ลึ่บ,
ลืม,
ลืมตา,
ลืมสนิท,
ลือชา,
ลื่น,
ลื่นล้ม,
ลื้น,
ลุก,
ลุกขึ้น,
ลุค,
ลุง,1
ลุย,
ลุ่,
ลุ่ม,
ลุ้น,
ลูก,1
ลูกค้าประจำ,1
ลูกชาย,1
ลูกชิ้น,1
ลูกบอล,1
ลูกผสม,1
ลูกพี่ลูกน้อง,1
ลูกระนาด,1
ลูกศร,1
ลูกสะใภ้,1
ลูกสาว,1
ลูกอม,1
ลูกเกด,1
ลูกเขย,1
ลูกเสือ,1
ลูกแฝด,1
ลูกโป่ง,1
ลูบ,
ลูป,1
ลูส,
ลู่,
ลู้,
ลู๊ก,
ลเล่ย์,
ลไท่,
ล็อค,
ล่วง,
ล่วย,
ล่อ,
ล่องใต้,1
ล่ะ,
ล่า,
ล่าม,1
ล่ำ,
ล้,
ล้น,
ล้ม,
ล้มเหลว,1
ล้สง,
ล้อ,
ล้อม,
ล้อรถ,1
ล้อเล่น,
ล้ะ,
ล้า,
ล้างจาน,1
ล้างรถ,1
ล้างหน้า,1
ล้าน,
ล้าย,
ล้ำเส้น,
ล้่า,
ล๊ก,
ล๊ง,
ล๊อก,
ล๊อกเฟส,
ล๊อค,
ล์,
ว,
วก,
วกะ,
วค,
วง,
วงกลม,1
วงจร,1
วงจรไฟฟ้า,1
วงศา,1
วงศ์วาน,1
วงเล็บ,1
วงเวียน,1
วงใน,1
วจ,
วจะ,
วจา,
วชิระ,
วด,
วดี,
วท,
วนศาสตร์,1
วนา,
วฟ่า,
วย,
วรรณ,
วรรณา,
วรรดิ์,
วรอ,
วรู๊ป,
วว,
วสะ,
วสี,
วสุ,
วหา,
วอ,
วอก,
วอน,
วอร์,
วอลเลย์บอล,1
วอแว,
วะ,
วัค,
วัง,
วังวน,
วัฒนธรรม,1
วัฒนะ,1
วัฒน์,
วัดดวง,
วัต,
วัตร,
วัน,1
วันก่อน,
วันดี,
วันที,
วันที่,
วันพรุ่งนี้,
วันรุ่งขึ้น,
วันวาน,
วันสุดท้าย,
วันหนึ่ง,
วันหยุด,1
วันหยุดราชการ,1
วันอาทิตย์,1
วันเกิด,1
วันเดียวกัน,
วันแม่,1
วัย,1
วัยรุ่น,1
วัล,
วัว,1
วัสดุ,1
วั้ย,
วา,
วางหน้า,
วางแผนการ,
วาซาบิ,1
วาดรูป,1
วาท,
วาน,
วาปี,
วาย,
วาร,
วารสาร,1
วารี,
วาสลีน,1
วาเลนไทน์,1
วิ,
วิคเตอร์,
วิจาร,1
วิจารณญาณ,1
วิจิตรศิลป์,1
วิชา,1
วิชาการ,1
วิชาบังคับ,1
วิชาเอก,1
วิชาโท,1
วิด,
วิดีโอ,1
วิตามิน,1
วิถี,1
วิทยา,1
วิทยากร,1
วิทยาคม,1
วิทยาทาน,1
วิทยานิพนธ์,1
วิทยาลัย,1
วิทยาศาสตร์,1
วิทยาเขต,1
วิทยุ,1
วิธี,1
วิธีการ,1
วิธีฝึก,1
วิธีใช้,1
วิน,
วิภา,1
วิภาวดีรังสิต,1
วิลัย,
วิว,
วิศวกรรม,1
วิศวะ,1
วิสกี้,1
วิสุทธิ์,
วิหาร,1
วิ่งหนี,
วิ่งแข่ง,1
วิ่งไล่,
วิ้ง,
วิ้งอ้ะ,
วิ้ด,
วิ๊ง,
วี,
วีค,
วีซ่า,1
วีดีโอ,1
วีธี,1
วีน,
วีลแชร์,1
วี่,
วี่แวว,
วืด,
วืว,
วื่ง,
วุ่นวาย,
วุ้น,1
วุ้ย,
ว่,
ว่ส,
ว่อง,
ว่ะ,
ว่าการ,
ว่าความ,1
ว่างเปล่า,
ว่าที่,
ว่าน,1
ว่ายน้ำ,1
ว่าแต่,
ว้,
ว้อ,
ว้อท,
ว้อน,
ว้อย,
ว้อยย,
ว้อยอิเชี่ยย,
ว้ะ,
ว้ะปล,
ว้ะเนี้ย,
ว้า,
ว้าก,
ว้าย,
ว้าว,
ว๊อนท์,
ว๊อย,
ว๊า,
ว๊าก,
ว๊าป,
ว๊ายยต่าย,
ว์,
ศ,
ศก,
ศจี,
ศร,
ศรัทธา,1
ศรี,
ศรีราชา,1
ศรีสุวรรณ,1
ศลป,
ศลย,
ศว,
ศศพล,
ศศิน,
ศะ,
ศักดิ์,
ศัตร,
ศัตรู,1
ศัพ,
ศัพท์,1
ศัล,
ศาต,
ศาล,1
ศาลจังหวัด,1
ศาลฎีกา,1
ศาลา,1
ศาลากลาง,1
ศาลากลางจังหวัด,1
ศาลเจ้า,1
ศาสคร์,
ศาสดา,1
ศาสตร์,1
ศาสต์,
ศาสนาอิสลาม,1
ศิ,
ศิป์,
ศิริราช,1
ศิล,
ศิลป,
ศิลปกรรม,1
ศิลปกรรมศาสตร์,1
ศิลปวัฒนธรรม,1
ศิลปศาสตร์,1
ศิลปะ,1
ศิลปากร,1
ศิลปิน,1
ศิลป์,1
ศิลา,1
ศีล,1
ศึก,1
ศุกร์,1
ศุนย์,
ศุภคน,
ศุภวัฒน์ขอ,
ศุภิส,
ศูนนส,
ศูนย์,1
ศูนย์ข้อมูลข่าวสาร,1
ศ์,
ษ,
ษฐิ์คน,
ษมา,
ษย,
ษา,
ษฺ,
ษ์,
ส,
สกปรก,1
สกล,1
สกาย,1
สก็อต,1
สก๊อย,1
สขัอ,
สค,
สคน,
สควอต,
สคูล,1
สง,
สงกรานต์,1
สงขลา,1
สงคราม,1
สงบ,1
สงบอารมณ์,
สงบเสงี่ยม,
สงสาร,1
สงเคราะห์,1
สง่,
สจล,
สด,
สดชื่น,1
สดใส,1
สต,
สตก,
สตร,
สตรอเบอร,
สตรี,
สตอ,
สตั้น,1
สตาฟ,1
สตาร์,1
สตาร์บัคส์,1
สติ,1
สติกเกอร์,1
สติ้ก,
สติ๊ก,
สติ๊กเกอร์,1
สตู,1
สตูดิโอ,1
สต้า,
สต้าม๋วนใจ๋,
สต์,
สถ,
สถบ,
สถาน,1
สถานการณ์,1
สถานที่,1
สถานที่จอดรถ,1
สถานทูต,1
สถานภาพ,1
สถานะ,1
สถานี,1
สถานีขนส่ง,1
สถานีตำรวจ,1
สถานีรถไฟ,1
สถาบัน,1
สถาปนา,
สถาปัตย์,1
สถิติ,1
สทล,
สน,
สนธิ,
สนอง,
สนาม,1
สนามกีฬา,1
สนามบิน,1
สนามม้า,1
สนามยิงปืน,1
สนามศุภชลาศัย,1
สนามหลวง,1
สนามเด็กเล่น,1
สนิท,1
สนิทใจ,1
สนุก,1
สนุกสนาน,1
สบ,
สบตา,
สบถ,
สบายใจ,
สบู่,1
สป,
สปช,
สปริง,1
สปอต,
สปอร์ต,1
สปีด,
สภา,
สภาพ,1
สภาพอากาศ,1
สภาพแวดล้อม,1
สม,
สมการ,1
สมถะ,
สมทบทุน,
สมน้ำหน้า,
สมร,
สมรภูมิ,1
สมหวัง,
สมอ,1
สมอง,1
สมัครเรียน,1
สมัยก่อน,1
สมัยนี้,1
สมา,
สมาชิก,1
สมาส,
สมี,
สมุด,1
สมุดบัญชี,1
สมุทร,1
สมุทรปราการ,1
สมุทรสาคร,1
สมุนไพร,1
สมูท,
สมเด็จ,
สมโภช,
สมใจ,1
สยอง,1
สยาม,1
สยามพารากอน,1
สยามสแควร์,1
สร,
สรร,
สระ,1
สระน้ำ,1
สระบุรี,1
สระผม,
สระว่ายน้ำ,1
สราญ,
สรีระ,1
สรีรังคาร,1
สรีรางคาร,1
สรูป,
สร้อย,1
สลัก,1
สลัด,1
สลา,
สลาก,1
สลาย,
สลิป,1
สว,
สวด,
สวดมนต์,1
สวน,1
สวนทาง,
สวนลุม,1
สวนสนุก,1
สวนสัตว์,1
สวนหย่อม,1
สวนอัมพร,1
สวรรคาลัย,1
สวรรค์,1
สวัจ,
สวัส,
สวัสดิการ,1
สวัสดิ์,
สวัสดี,
สว่าน,1
สส,
สห,
สหกรณ์,1
สหการ,1
สหวิทยาการ,1
สอ,
สองต่อสอง,
สอนพิเศษ,1
สอบผ่าน,1
สะ,
สะกิด,
สะดือ,1
สะดุด,
สะดุ้ง,
สะดุ้งตื่น,
สะบัก,1
สะพรึง,
สะพาน,1
สะพานลอย,1
สะพาย,
สะอึก,
สะแกงาม,
สะโพก,1
สะใภ้,1
สัก,
สักการะ,
สักครั้ง,
สักที,
สักนิด,
สักพัก,
สักวัน,
สักวันหนึ่ง,
สักหน่อย,
สัขาว,
สัง,
สังคม,1
สังคมวิทยา,1
สังคมสงเคราะห์,1
สังฆทาน,1
สังเกตว่า,
สังเวช,1
สัจ,
สัญจร,1
สัญญา,1
สัญญาณ,1
สัญณาญ,
สัญลักษณ์,1
สัด,
สัต,
สัตวแพทย์,1
สัตว์,1
สัตว์น้ำ,1
สัตว์เลี้ยง,1
สัตหีบ,1
สัน,
สันดาน,1
สันติ,
สันทนาการ,1
สันโดษ,
สับ,
สับราง,
สัปดาห์,1
สัปปะรด,1
สัพ,
สัพเพเหระ,
สัม,
สัมมนา,1
สัมมา,
สัส,
สัึวคีสรส,
สั่งของ,1
สา,
สาขา,1
สาขาวิชา,1
สาคร,
สาด,
สาทร,1
สาธร,
สาธารณสุข,1
สาธารณะ,1
สาธุ,1
สานต่อ,
สาบ,
สาป,
สามย่าน,1
สามสิบ,1
สามัญ,1
สามัญชน,1
สามี,1
สามเสน,1
สามเหลี่ยม,1
สาย,1
สายการบิน,1
สายตัว,
สายตา,1
สายตาสั้น,1
สายฝน,1
สาร,
สารพัด,
สารภาพ,
สารละลาย,1
สาระ,1
สาระแน,
สาว,1
สาวก,1
สาวนะ,
สาวิตรี,
สาสน์,
สาหัส,1
สาเหตุ,1
สำ,
สำนัก,1
สำนักงาน,1
สำนักงานใหญ่,1
สำนักทะเบียน,1
สำนักพระราชวัง,1
สำนึก,
สำรวจตลาด,
สำรับ,
สำราญ,
สำลี,1
สำส่อน,1
สำเนา,1
สำเนียง, 
สำเพ็ง,1
สำเร็จการศึกษา,
สำโรง,1
สิ,
สิง,
สิงขร,1
สิงคโปร์,1
สิงห์,1
สิงห์บุรี,1
สิงโต,1
สิทธิ,
สิทธิ์,1
สิทธ์,
สิน,
สินไหม,1
สิริ,1
สิว,1
สิวเสี้ยน,1
สิ่,
สิ่งของ,1
สิ่งตอบแทน,1
สิ่งที่คิด,1
สิ่งพิมพ์,1
สิ่งมีชีวิต,1
สิ่งลี้ลับ,1
สิ่งแวดล้อม,1
สิ้,
สิ้นดี,
สิ้นปี,
สิ้นหวัง,
สิ้นเดือน,
สี,1
สีชมพู,1
สีตก,
สีน้ำ,1
สีน้ำตาล,1
สีผม,1
สีผสมอาหาร,1
สีผิว,1
สีม่วง,1
สีลม,1
สีสัน,1
สีส้ม,1
สีหน้า,1
สีเข้ม,1
สีเทา,1
สีเหลือง,1
สีแดง,1
สี่แยก,1
สี่แยกไฟแดง,1
สี้,
สึก,
สึกหรอ,
สืบมา,
สือ,
สือจน,
สื่อ,
สุ,
สุก,
สุขภาพ,1
สุขภาพจิต,1
สุขศึกษา,1
สุขา,1
สุขาภิบาล,1
สุขุมวิท,1
สุดขีด,
สุดถนน,
สุดยอด,
สุดแต่,
สุทธิ,1
สุทัศน์,1
สุนัข,1
สุภาพ,
สุภาพสตรี,1
สุราเมรัย,1
สุวรรณ,
สุวรรณภูมิ,1
สุเทพ,
สุ่น,
สุ่ม,
สู,
สูงอายุ,1
สูญ,
สูด,
สูต,
สูตร,1
สูท,
สูบ,
สูบบุหรี่,1
สูสี,
สู่ขวัญ,
สู้ตาย,
สเกต,
สเก็ต,1
สเตเดี้ยม,
สเต๊ก,1
สเน่ห์,
สเปก,
สเปค,
สเปิม,1
สเป็ก,
สเป็ค,
สแควร์,1
สแตม,
สแตมป์,1
สแล็ค,
สโมสร,1
สโลแกน,
สไตล์,
สไลด,
สไลด์,
ส่งกลิ่น,
ส่งข่าว,
ส่งตัว,1
ส่งมอบ,
ส่งเสียง,
ส่วนกลาง,1
ส่วนตัว,1
ส่วนประกอบ,1
ส่วนลด,1
ส่วนสูง,1
ส่วนเกิน,1
ส่วนเว้าส่วนโค้ง,1
ส่วย,
ส่องกระจก,
ส่ะ,
ส่า,
ส่ายหน้า,
ส้น,
ส้นตีน,1
ส้นสูง,1
ส้ม,1
ส้มตำ,1
ส์,
ห,
หก,
หง,
หงอย,
หงะ,
หงิง,
หงิ๋ง,
หงุดหงิด,
หง่ะ,
หญิง,1
หญิงสาว,1
หญิงโสด,1
หญ้า,1
หดหู่,
หทัย,1
หนวกหู,
หนวด,1
หนอง,1
หนักหนา,
หนักใจ,1
หนัง,1
หนังจีน,1
หนังสือ,1
หนังสือพิมพ์,1
หนังสือรับรอง,1
หนังสือเรียน,1
หนังสือแนะนำ,1
หนังโป๊,1
หนั่ม,
หนาน,1
หนามแดง,1
หนาว,
หนาวเหน็บ,
หนาเตอะ,
หนิ,
หนีบ,
หนีหาย,
หนี้,1
หนี้สูญ,1
หนึบ,
หนือ,
หนุ,
หนุก,
หนุ่ม,1
หนุ่มสาว,1
หนู,1
หนูผี,1
หน่วย,1
หน่วยกิต,1
หน่วยงาน,1
หน่อ,1
หน้า,1
หน้ากาก,1
หน้าจอ,1
หน้าตา,1
หน้าตาย,1
หน้าตึง,1
หน้าที่,1
หน้านา,1
หน้าบาน,1
หน้าบ้าน,1
หน้าฝน,1
หน้ามืดตามัว,1
หน้าม้า,1
หน้าร้อน,1
หน้าหนาว,1
หน้าอก,1
หน้าเป็น,1
หน้าแข้ง,1
หน้าแหก,1
หป,
หม,
หมก,
หมดความรู้สึก,
หมดตัว,1
หมดยุค,
หมดสติ,1
หมดสนุก,1
หมดหวัง,
หมดอายุ,1
หมดเขต,1
หมดแรง,1
หมน,
หมวก,1
หมวด,1
หมวย,1
หมอ,1
หมอก,1
หมอง,
หมอชิต,1
หมอดู,1
หมอน,1
หมอฟัน,1
หมอลำ,1
หมัด,1
หมั่น,
หมา,1
หมาก,1
หมาย,
หมายกำหนดการ,1
หมายตัว,1
หมายเลข,1
หมายเหตุ,1
หมิง,
หมิว,
หมิ่น,1
หมี,1
หมึก,1
หมื่น,1
หมุด,1
หมู,1
หมูน้ำ,1
หมูสามชั้น,1
หมูหยอง,1
หมูแดง,1
หมู่,1
หมู่คณะ,1
หมู่บ้าน,1
หม่น,
หม่อน,1
หม้อ,1
หม้อดิน,1
หม๊ด,
หยอ,
หยอก,
หยออ,
หยัง,
หยั่ก,
หยั่ง,
หยั่งรู้,
หยาม,
หยิ่ง,1
หยุดชั่วคราว,1
หยุดพัก,1
หยู๋,
หย่อย,
หย่า,
หย๋อ,
หรรษา,1
หรอ,
หรอก,
หระ,
หรา,
หริ,
หรี่,
หรือปล่าว,
หรือไง,
หรู,1
หร่อย,
หร๊อ,
หร๊อย,
หลง,1
หลงตัวเอง,1
หลงทาง,1
หลงรัก,
หลบ,
หลบซ่อน,
หลบตา,
หลบมุม,
หลบหน้า,
หลวง,1
หลวงพ่อ,1
หลวม,
หลวย,
หลอ,
หลอก,1
หลอกตัวเอง,1
หลอกลวง,1
หลอกหลอน,1
หลอด,1
หละ,
หลักฐาน,1
หลักสูตร,1
หลักเมือง,1
หลักแหล่ง,1
หลัฃ,
หลังจากนี้,
หลับ,1
หลับตา,1
หลับใน,1
หลัว,
หลั่ง,
หลา,
หลาน,1
หลายครั้ง,
หลายอย่าง,
หลาว,
หลี,
หลีก,
หลืบ,
หลุม,1
หลุมดำ,1
หล่น,
หล้า,
หวง,
หวย,1
หวยใต้ดิน,1
หวอ,
หวะ,
หวังดี,1
หวัด,
หวั่นไหว,1
หวาด,
หวาน,1
หวานใจ,1
หวาย,1
หวี,
หวี่,
หวึ่ง,
หว่ะ,
หว่า,
หว่าง,
หว๊าน,
หอ,1
หอก,
หอจดหมายเหตุ,1
หอบ,
หอพัก,1
หอย,1
หอศิลป์,1
หอสมุด,1
หะ,
หักคะแนน,
หักหลัง,
หักห้ามใจ,
หัด,
หันมา,
หันเห,
หันไป,
หัย,
หัว,1
หัวข้อ,1
หัวคิด,1
หัวดี,1
หัวนม,1
หัวมัน,1
หัวมุม,1
หัวรุนแรง,1
หัวล้าน,1
หัวหน้า,1
หัวเข่า,1
หัวเฉียว,1
หัวเชื้อ,1
หัวเราะ,
หัวแถว,1
หัวโต,1
หัวโล้น,1
หัวใจ,1
หั้ย,
หากิน,1
หาคู่,1
หาง,1
หางจระเข้,1
หางแถว,1
หาด,1
หาดใหญ่,1
หานะ,
หายกัน,
หายตัว,1
หายนะ,1
หายป่วย,1
หายโกรธ,
หายใจ,
หายใจไม่ออก,
หารายได้,1
หาว,1
หาว่า,
หาเงิน,1
หาเรื่อง,
หำ,1
หิต,1
หิน,1
หินปูน,1
หิมะ,1
หิว,
หิวข้าว,1
หิวโหย,1
หิ้ง,
หิ้ว,
หึ,
หึง,1
หึงหวง,1
หึหึ,
หึ้,
หึ้ย,
หืม,
หืมม,
หืวง,
หือ,
หื่น,
หื้ม,
หื้อ,
หุง,
หุงข้าว,1
หุหุ,
หุ่น,
หุ่นกระบอก,1
หุ่นดี,1
หุ่นยนต์,1
หุ้นส่วน,1
หู,1
หูฟัง,1
หูรูด,1
ห่ม,
ห่วง,
ห่วย,1
ห่วยแตก,1
ห่อ,
ห่า,
ห่างเหิน,
ห่าน,1
ห่เงำ,
ห้,
ห้ว,
ห้วง,1
ห้วยขวาง,1
ห้อ,
ห้อง,1
ห้องนอน,1
ห้องน้ำ,1
ห้องประชุม,1
ห้องพัก,1
ห้องสมุด,1
ห้องส่วนตัว,1
ห้องอาบน้ำ,1
ห้องเช่า,1
ห้องเรียน,1
ห้องแถว,1
ห้ะ,
ห้ะ๚,
ห้าง,1
ห้าม,
ห้ามใจ,
ห้าว,
ห๊ะ,
ห๊า,
ฬ,
อ,
อก,1
อกสั่นขวัญแขวน,
อกหัก,1
อค,
อคว,
อง,
องครักษ์,1
องค์กร,1
องค์การ,1
องค์ประกอบ,1
องุ่น,1
อจ,
อชอ,
อณุ,
อด,1
อดทน,1
อดนอน,1
อดหลับอดนอน,
อดอยาก,1
อดิศร,
อดีต,
อดใจ,
อตซ,
อติ,
อธิ,
อธิการ,1
อธิษฐาน,
อน,
อนส,
อนาคต,1
อนินทรีย์,1
อนุ,
อนุสรณ์,1
อนุสาวรีย์,1
อนุสาวรีย์ชัย,1
อนุเสาวรีย์,1
อนุโมทนา,1
อบ,1
อบอุ่น,1
อบู,
อป,
อปป,
อพน้ส,
อพฮ,
อพาร์ตเมนต์,1
อภินิหาร,1
อม,
อมร,
อมรินทร์,1
อย,
อยด์,
อยด์ลบ,
อยย,
อยากรู้,
อยากได้,
อยุธยา,1
อยุ่,
อยุ้,
อยู่งาน,
อยู่ดี,
อยู่ตัว,
อยู่รอด,
อยู้,
อยู๋,
อย่า,
อย่างงี้,
อย่างสบายใจ,
อย่างหนัก,
อย่างใดอย่างหนึ่ง,
อย้าง,
อยํู่,
อยํ่,
อริ,
อรุณ,
อรุณสวัสดิ์,
อร็ไฃด,
อร่อย,
อร์,
อร์เน,
อร์เฟกต์,
อร์เวิร์ล,
อลต์,
อลล์,
อลอยุ่,
อลังการ,1
อวก,
อวง,
อวด,
อวบ,
อวย,1
อวยพร,1
อวัยวะ,1
อวัลล,
อสัญ,
อสุ,
อสุจิ,1
อห,
ออ,
ออกกำลัง,1
ออกกำลังกาย,1
ออกข้อสอบ,1
ออกจะ,
ออกจากงาน,1
ออกชื่อ,
ออกดอก,
ออกทุกข์,
ออกห่าง,
ออกเดินทาง,1
ออด,
ออดิชั่น,1
ออดิท,
ออน,
ออนไลน์,1
ออฟ,
ออฟฟิศ,1
ออมสิน,1
ออสเตรีย,1
ออเคสตร้า,
อะ,
อะดิ,
อะตอม,1
อะนะ,
อะนี้,
อะป่าว,
อะเมซอน,1
อั,
อักษร,1
อักษะ,
อักเสบ,1
อัคร,1
อัง,
อังกฤษ,1
อังคาร,1
อัฒจันทร์,1
อัดรูป,1
อัดเสียง,1
อัตนัย,1
อัตรา,1
อัธยาศัย,1
อันตราย,
อันที่จริง,
อันนี้,
อับ,
อัป,
อัพ,
อัพตัส,
อัพลง,
อัพวง,
อัพสอต,
อัพเกรด,1
อัฟ,
อัม,
อัย,
อัล,
อัลบัม,1
อัลบั้ม,1
อัลมอนด์,1
อัลไล,
อัสสัมชัญ,1
อั่,
อั่คั่,
อั่ง,
อั้น,
อั๊ว,
อา,
อาการ,1
อากาศ,1
อากาศธาตุ,1
อาคาร,1
อาจาร,1
อาจารย์,1
อาจารย์ที่ปรึกษา,1
อาจารย์ผู้สอน,1
อาจารย์ใหญ่,1
อาชญากรรม,1
อาชีพ,1
อาชีวะ,1
อาณา,
อาทิตย์,1
อาบ,
อาบน้ำ,1
อาภัพ,
อาม,
อาม่า,1
อาย,
อายุ,1
อารมณ์,
อารมณ์ดี,1
อารมณ์เสีย,1
อารมณ์ไม่ดี,1
อารยธรรม,1
อารี,1
อาร์,
อาร์ต,1
อาว,
อาวรณ์,
อาสา,1
อาสาสมัคร,1
อาหย่อย,
อาหาร,1
อาหารกลางวัน,1
อาหารค่ำ,1
อาหารทะเล,1
อาหารสัตว์,1
อาหารเจ,1
อาหารเสริม,1
อาเจียน,1
อำเภอ,1
อิ,
อิก,
อิค,
อิจ,
อิจคน,
อิจฉา,1
อิฉัน,
อิด,
อิตต๋า,
อิน,
อินทรี,1
อินเตอร์,
อินเตอร์เน็ต,1
อินเทอร์เน็ต,1
อินเลิฟ,
อินโด,1
อิป,
อิปริ๊น,
อิม,
อิมเมจ,1
อิส,
อิสลาม,1
อิสิ,
อิอิ,
อิเวง,
อิ่ม,
อิ้,
อิ้ง,
อิ้งค์,
อิ้อิ้,
อิ๊ง,
อี,
อีกหน่อย,
อีฟ,
อีสาน,1
อี้ก,
อี้กด,
อี้อี้,
อี๊,
อึ,
อึดอัด,
อึน,
อึมครึม,
อึ้ง,
อึ๊,
อืด,
อืน,
อืม,
อืมม,
อือ,
อื้ม,
อื้อ,
อื้อหือ,
อุ,
อุก,
อุณหภูมิ,1
อุดตัน,1
อุดฟัน,1
อุดม,
อุดมการณ์,1
อุดมคติ,1
อุดรธานี,1
อุตสาหกรรม,1
อุตสาหกรรมเกษตร,1
อุนจิ,1
อุบัติเหตุ,1
อุปกรณ์,1
อุษา,
อุโมงค์,1
อุ่น,
อุ้ย,
อุ้ว,
อุ๊บ,
อุ๊ย,
อุ๋ง,
อู,
อูเอโนะ,
อู่,
อู่รถ,1
อู้,
อเคท,
อเมริกา,1
อแ,
อไมา,
อ่,
อ่พ,
อ่วน,
อ่อ,
อ่อก,
อ่อค,
อ่อนนุช,1
อ่อนแอ,
อ่อนโยน,
อ่อนไหว,1
อ่อย,
อ่ออ,
อ่ออจ่ะ,
อ่ออิบ,
อ่ะ,
อ่า,
อ่างล้างหน้า,1
อ่านหนังสือ,1
อ่านใจ,1
อ่าว,
อ้วก,
อ้วง,
อ้อน,
อ้อนวอน,
อ้อม,
อ้อย,
อ้อยช้าง,
อ้ะ,
อ้า,
อ้างว้าง,
อ้าปากค้าง,
อ้าว,
อ๊อง,
อ๊อด,
อ๊อฟ,
อ๊ะ,
อ๊า,
อ๊ากก,
อ๋อ,
อ๋อง,
อ์ฟ,
ฮ,
ฮง,
ฮรืล,
ฮรือ,
ฮรืออ,
ฮรื่อ,
ฮอกกี้,1
ฮอกวอตส์,1
ฮอง,
ฮอต,
ฮอท,
ฮอร์โมน,1
ฮอล,
ฮอลล,
ฮะ,
ฮัซ,
ฮัน,
ฮับ,
ฮัลโหล,
ฮั่นแน่,
ฮา,
ฮานอย,1
ฮาวาย,1
ฮิ,
ฮิกก,
ฮิต,1
ฮิฮิ,
ฮิ้ว,
ฮี,
ฮีเลียม,1
ฮี่,
ฮี้,
ฮึ,
ฮึก,
ฮึกเหิม,
ฮึด,
ฮือ,
ฮื่อ,
ฮื้มม,
ฮื้อ,
ฮู้,
ฮ่วย,
ฮ่องกง,1
ฮ่ะ,
ฮ่า,
ฮ้วย,
ฮ้า,
ฮ๊าฟ,
ะ,
ัก,
ัา,
ั้ย,
า,
าา,
ำ,
ิ,
ี,
ีบน,
ียมคน,
ี่,
ี้,
ึก,
ื,
ืล,
ืิ่น,
ืี่,
ื่,
ุด,
฿,
เ,
เก,
เกณฑ์,1
เกด,
เกตุ,
เกม,1
เกมส์,1
เกย์,1
เกรงใจ,
เกรด,1
เกรดเฉลี่ย,1
เกรีย,
เกรียจ,
เกรียว,
เกรี้ยวกราด,
เกร็ง,
เกร็ด,
เกลียด,
เกลียว,1
เกลียวคลื่น,1
เกล้า,1
เกล้าผม,
เกษตร,1
เกษตรศาสตร์,1
เกะกะ,
เกา,
เกาหลี,1
เกาะแกะ,
เกิต,
เกิตมั่ก,
เกินควร,
เกินเลย,
เกิ้น,
เกิ๊น,
เกียจ,
เกียด,
เกียรติ,1
เกียรตินิยม,1
เกียร์,1
เกียร์กระปุก,1
เกี่ยว,
เกี๊ยว,1
เกี๊ยะ,1
เกือบตาย,
เกื้อ,
เก็ท,
เก็ทป,
เก็ทฟิล,
เก็บของ,
เก็บข้อมูล,
เก็บความ,
เก็บผม,
เก็บอาการ,
เก็บเงิน,
เก็บเสียง,
เก่,
เก่ง,
เก้ว,
เก้อ,
เก้า,1
เก้าอี้,1
เก๊กฮวย,1
เก๊า,
เข,
เขต,1
เขตปลอดภัย,1
เขน,
เขมร,1
เขย่าตัว,
เขวี้ยง,
เขาดิน,1
เขาวงกต,1
เขิน,
เขิล,1
เขียนจดหมาย,1
เขี้ยว,
เข็ญ,
เข็ม,1
เข็มกลัด,1
เข็มขัด,1
เข่า,1
เข้,
เข้มแข็ง,
เข้ากลุ่ม,1
เข้าข่าย,
เข้าข้าง,
เข้าคิว,1
เข้างาน,1
เข้าชม,1
เข้าที่,
เข้านอน,
เข้าบัญชี,
เข้าฝัน,
เข้าพบ,
เข้าเครื่อง,
เข้าเนื้อ,
เข้าเฝือก,
เข้าเรียน,1
เข้าเล่ม,
เข้าเวร,
เข้าแถว,1
เข้าใกล้,
เค,
เคก็คือ,
เคชั่น,
เคชั่นมธ,
เคน,
เคนื่องป,
เคม,
เคมี,1
เครป,
เครสต้า,
เครา,
เคราะ,
เคราะห์,1
เครียส,
เครือข่าย,1
เครืิ่อง,
เครื่อง,1
เครื่องกล,1
เครื่องคิดเลข,1
เครื่องซักผ้า,1
เครื่องดูดฝุ่น,1
เครื่องบิน,1
เครื่องประดับ,1
เครื่องฟอกอากาศ,1
เครื่องสาย,1
เครื่องสำอาง,1
เครื่องสำอางค์,1
เครื่องเขียน,1
เครื่องเล่น,1
เครื่องแต่งกาย,1
เคร็ท,
เคร่ง,
เคร่งเครียด,
เคลิ้ม,
เคลีย,
เคลื่อนตัว,
เคล็ด,
เคล็ดลับ,1
เคล็บ,
เคว,
เควส,
เคส,
เคอ,
เคอรเฮ้าห,
เคอะ,
เคะ,
เคา,
เคาน์เตอร์,1
เคารพ,
เคิล,
เคียง,
เคียงข้าง,
เคียส,
เคี้ยว,
เคือง,
เคเค,
เคเอฟซี,1
เค้ก,1
เค้า,
เง,
เงอ,
เงา,1
เงิน,1
เงินตรา,1
เงินทอง,1
เงินประกัน,1
เงินมัดจำ,1
เงินสด,1
เงินเก็บ,1
เงินเดือน,1
เงียบ,
เงียบกริบ,
เงียบหาย,
เงียบเหงา,
เงี่ย,
เงี่ยน,
เงี้ย,
เงืน,1
เงือก,1
เงื่อนไข,1
เง้,
เจ,
เจดีย์,1
เจตนา,
เจน,
เจมส์,
เจริญ,
เจล,
เจษฎา,
เจอกัน,
เจา,
เจิม,
เจี๊ยบ,
เจ็ก,
เจ็บ,
เจ็บปวด,1
เจ็บแสบ,1
เจ็บใจ,1
เจ้า,
เจ้าของ,1
เจ้าคุณ,1
เจ้าค่ะ,
เจ้าชาย,1
เจ้าชู้,1
เจ้าตัว,1
เจ้าถิ่น,1
เจ้าที่,1
เจ้านาย,1
เจ้าพระยา,1
เจ้าพ่อ,1
เจ้าหนี้,1
เจ้าหน้า,
เจ้าหน้าที่,1
เจ้าหน้าที่ตำรวจ,1
เจ๊,
เจ๊ง,
เจ๋ง,
เจ๋บ,
เฉด,
เฉพาะคน,
เฉพาะตอน,
เฉพาะทาง,
เฉย,
เฉยชา,
เฉลิม,
เฉา,
เฉาก๊วย,1
เฉียว,
เฉี่ยว,
เช,
เชฟ,1
เชอ,
เชอรี่,1
เชิง,
เชิด,
เชิต,
เชิ้ต,
เชิ๊ต,
เชียง,
เชียงของ,
เชียงราย,1
เชียงใหม่,1
เชียร์,
เชียว,
เชี่ย,
เชี่ยล,
เชี่ยว,
เชี้ย,
เชือก,1
เชื่อใจ,
เชื่อได้,
เชื้อโรค,1
เช็ก,
เช็คบิล,1
เช็นทรัลเวิดเ,
เช่าซื้อ,
เช้า,
เช้าตรู่,
เช้านี้,
เช้ามืด,
เซ,
เซคชั่น,1
เซน,
เซนส์,
เซฟ,
เซลล์,1
เซอร์,
เซะ,
เซิฟ,1
เซีย,
เซียน,1
เซียร์,
เซี่ยงไฮ้,1
เซเว่น,1
เซ็ก,
เซ็กซี่,
เซ็กส์,
เซ็ง,
เซ็ท,
เซ็น,
เซ็นชื่อ,
เซ็นต์,
เซ็นทรัล,1
เซ็นทรัลเวิร์ล,1
เซ็นทรัลเวิลด์,1
เซ็นเตอร์,1
เซ่เว่น,
เซ้ง,
เซ้น,
เซ้นวน,
เซ้นส์,
เซ้ม,
เซ้าซี้,
เณร,
เด,
เดช,
เดต,
เดท,
เดน,
เดย์,
เดลี่,
เดอะ,
เดะ,
เดา,
เดินขบวน,1
เดินตลาด,1
เดินป่า,1
เดินผ่าน,
เดินรถ,1
เดินสวน,
เดินเท้า,
เดินเรือ,1
เดินเล่น,1
เดินแถว,
เดินไปเดินมา,
เดินไหม,
เดิมที,
เดียม,
เดียร,
เดี๊ยะ,
เดี๋ยว,
เดี๋ยวนี้,
เดือดร้อน,
เดือน,1
เด็ก,1
เด็กชาย,1
เด็กดี,1
เด็กนักเรียน,1
เด็กน้อย,1
เด็กเล็ก,1
เด็ด,1
เด็ดดวง,1
เด่,
เด้,
เด้ง,
เด้อ,
เด๋ว,
เด๋อ,
เต,
เตมีย์,
เตย,
เตรียด,
เตรียมใจ,1
เตะ,
เตา, 
เตารีด,1
เตาไมโครเวฟ,1
เติมน้ำมัน,
เติมเต็ม,
เติ้ก,
เติ้ล,
เตียง,1
เตียงคู่,1
เตียน,
เตียม,
เตี้ย,
เตี๋ย,
เตี๋ยว,
เต็มยศ,
เต็ล,
เต่า,
เต้,
เต้นท์,1
เต้ม,
เต้ล,
เต้อ,
เต้า,1
เต้าทึง,1
เต้าฮวย,1
เต๊นท์,1
เต๊าะ,
เต๋อ,
เต๋า,
เถ๊,
เทค,
เทคนิค,1
เทควันโด,1
เทคแคร์,
เทคโนฯ,1
เทคโนโลยี,1
เทคโนโลยีสารสนเทศ,1
เทนนิส,1
เทพ,1
เทพธิดา,1
เทพา,1
เทวา,1
เทวี,1
เทศกาล,1
เทศน์,
เทห์,
เทอญ,
เทอม,
เทียน,
เที่ยง,1
เที่ยงคืน,
เที่ยงวัน,
เที่ยวแรก,
เทเวศ,1
เทเวศน์,1
เทเวศร์,1
เท็จ,
เท่,1
เท่ห์,
เท่าตัว,
เท่าที่จำเป็น,
เท่าเทียม,
เท่าไหร่,
เท้น,
เท้ส,
เท้า,1
เท๊อ,
เนต,
เนติบัณฑิต,1
เนม,
เนย,1
เนส,
เนสหอ,
เนอ,
เนอะ,
เนะ,
เนาะ,
เนิร์ด,
เนิส,
เนิ่น,
เนียน,
เนี่บ,
เนี่ย,
เนี้ย,
เนี้ยน,
เนี้ยบ,
เนี้ยผม,
เนี้ยย,
เนี้ยะ,
เนี๊ย,
เนี๊ยบ,
เนี๊ยะ,
เนี๋ย,
เนือง,
เนื่ย,
เนื่อ,
เนื้อ,1
เนื้อคู่,1
เนื้อร้อง,1
เนื้อสัตว์,1
เนื้อหา,1
เนื้อเรื่อง,1
เน็ต,
เน็บ,
เน่อ,
เน่า,
เน้,
เน้อ,
เน๊,
เน๊ะ,
เน๊าะ,
เบ,
เบญจ,
เบญจมบพิตร,1
เบญฯ,1
เบน,
เบนซ์,1
เบบี้,
เบฟิ,
เบย,
เบล,
เบลอ,
เบส,
เบอ,
เบอจน,
เบอร์เกอร์,1
เบะ,
เบาบาง,
เบาะ,1
เบาะหลัง,1
เบิร์น,
เบิะแ,
เบิ่ด,
เบียด,
เบียดเบียน,
เบียร์,
เบี่ย่ดื,
เบี้ย,
เบี้ยว,
เบื่อชีวิต,1
เบื่ออาหาร,1
เบเกอรี่,1
เบ็น,
เบ้,
เบ้อเริ่ม,
เบ๊นซ์,1
เป,
เปก,
เปง,
เปน,
เปนคน,
เปนผญ,
เปนลม,
เปย์,
เปรอะ,
เปรี้ยว,
เปรี้ยวหวาน,1
เปร๊าะ,
เปลา,
เปลี่ยนคน,
เปลี่ยนความคิด,1
เปลี่ยนรูป,
เปลี่ยนสี,
เปลี่ยนใจ,1
เปลืง,
เปลื่ยน,
เปล่า,
เปล๊า,
เปอร์,
เปา,
เปิดกล้อง,
เปิดซิง,
เปิดบัญชี,1
เปิดร้าน,1
เปิดหัวใจ,1
เปิดเทอม,1
เปิดเรียน,1
เปิดโลก,1
เปิดใจ,1
เปิ้ล,
เปีย,
เปียก,
เปียกชื้น,
เปียโน,1
เปื่อย,
เปื้อน,
เปเปอร์,
เป็ด,1
เป็นกันเอง,
เป็นการ,
เป็นการเป็นงาน,
เป็นขุย,
เป็นข่าว,1
เป็นความ,
เป็นคุณ,
เป็นชิ้นเป็นอัน,
เป็นชู้,1
เป็นช่วง,
เป็นตัว,
เป็นตัวของตัวเอง,
เป็นตัวเป็นตน,
เป็นตัวแทน,
เป็นตุเป็นตะ,
เป็นที่ตั้ง,
เป็นที่รู้จัก,
เป็นธรรมดา,
เป็นบุญ,
เป็นบ้า,
เป็นปกติ,
เป็นประจำ,
เป็นปัญหา,1
เป็นผู้ใหญ่,
เป็นมิตร,1
เป็นรอง,
เป็นระบบ,
เป็นลม,
เป็นว่าเล่น,
เป็นสาว,
เป็นหนอง,1
เป็นหน้าเป็นตา,
เป็นหวัด,1
เป็นห่วง,1
เป็นเงา,
เป็นเจ้าของ,
เป็นเพื่อน,1
เป็นเรื่อง,
เป็นเอง,
เป็นแถว,
เป็นแนว,
เป็นแผล,1
เป็นโรค,1
เป็นโสด,
เป็นใจ,
เป็นใหญ่,
เป็นไข้,1
เป็นไปไม่ได้,
เป็นไร,
เป็ร,
เป้,
เป้ง,
เป้ะ,
เป้า,
เป้าหมาย,1
เป๊น,
เป๋,
เป๋ง,
เป๋า,1
เผลอ,
เผลอตัว,
เผลอไป,
เผาจริง,
เผือก,1
เผื่อเลือก,
เผ็ด,1
เผ่า,
เฝอ,
เฝ้า,
เฝ้ารอ,
เพ,
เพจ,
เพชร,1
เพชรบุรี,1
เพชรเกษม,1
เพดาน,1
เพท,
เพราะอะไร,
เพราะเหตุใด,
เพรียว,
เพลง,1
เพลงชาติ,1
เพลงสากล,1
เพลส,
เพลิง,
เพลิน,
เพลีย,
เพลโต,
เพศ,1
เพศศึกษา,1
เพาเวอร์,1
เพิกถอน,
เพิ่อน,
เพิ่อนคน,
เพียว,
เพือ,
เพือน,
เพื่อน,1
เพื่อนกิน,1
เพื่อนสนิท,1
เพื่อนเก่า,1
เพื่อนเล่น,1
เพื่อนแท้,1
เพ็ด,
เพ้นท์,
เพ้นเฮาส์,1
เพ้นเฮ้าท์,1
เพ้อ,
เพ้อเจ้อ,1
เฟ,
เฟช,
เฟซ,
เฟด,
เฟยหง,
เฟรข,
เฟรช,
เฟรชชี่,1
เฟรน,
เฟรนซ์ฟ,
เฟล,
เฟส,
เฟสคน,
เฟสบุ้ค,1
เฟอร์,
เฟอร์นิเจอร์,1
เฟิน,
เฟิส,
เฟ่,
เฟ๊ส,
เภสัช,1
เม,
เมกะ,
เมฆ,1
เมตตา,1
เมตร,
เมตริก,
เมท,
เมน,
เมนส์,1
เมนู,1
เมย์,
เมรุ,
เมรุมาศ,1
เมลล์,
เมล็ด,1
เมล์,1
เมะ,
เมา,
เมาค้าง,1
เมาท์,
เมาส์,1
เมิง,
เมิน,
เมินเฉย,
เมีย,
เมือ,
เมือง,1
เมืองขึ้น,
เมืองท่องเที่ยว,1
เมืองนอก,1
เมืองเปิด,
เมื่อกี้,
เมื่อก่อน,
เมื่อคืน,
เมื่อย,
เมื่อวันก่อน,
เมื่อวาน,
เมื่อเช้า,
เมื่อไหร่,
เมเจอร์,1
เม็ด,
เม่,
เม่น,1
เม้น,
เม้นท์,1
เม้า,
เย,
เยอ,
เยอรมัน,1
เยอะ,
เยอะแยะ,
เยาวชน,1
เยาวราช,1
เยิ้ม,
เยีย,
เยียว,
เยี่ย,
เยี่ยง,
เยื่อ,
เยื่อใย,
เยื้อง,
เย็ด,
เย็นชา,
เย็นตาโฟ,1
เย็นสบาย,
เย็บ,1
เย็บผ้า,1
เย็บเล่ม,1
เย่,
เย้,
เร,
เรด,
เรท,
เรน,
เรนโบว์,1
เรย,
เรส,
เรอ,
เรอะ,
เราะ,
เริ่มใหม่,
เริ่อง,
เรีย,
เรียกตัว,
เรียกหา,
เรียนจบ,1
เรียนต่อ,1
เรียนถาม,
เรียนพิเศษ,1
เรียนหนังสือ,1
เรียร,
เรียว,
เรืยน,
เรือ,1
เรือข้ามฟาก,1
เรือด่วน,1
เรื่อ,
เรื่อง,1
เรื่องจริง,1
เรื่องด่วน,1
เรื่องตลก,1
เรื่องมาก,
เรื่องราว,1
เรื่องลึกลับ,1
เรื่องสั้น,1
เรื่องเล่า,1
เรื่องใหญ่,1
เรื่องไม่เป็นเรื่อง,1
เรื่องไร้สาระ,1
เรื้อ,
เรเน,
เร่,
เร่งรีบ,
เร่ร่อน,
เร้ก,
เร้นลับ,
เร้ยน,
เร้ยรช,
เร๊ว,
เล,
เลก,
เลข,1
เลขที่,1
เลขา,1
เลขาธิการ,1
เลค,
เลคเช่อ,1
เลดี้,1
เลต,
เลท,
เลน,
เลนส์,1
เลบ,
เลป,
เลยเวลา,
เลว,1
เลส,
เลสมั้ง,
เลสเบี้ยน,1
เลอ,
เลอะ,
เลา,
เลิกกัน,1
เลิกคบ,1
เลิกงาน,1
เลิกเรียน,1
เลิกเล่น,1
เลิกใช้,1
เลิด,
เลิฟ,
เลิ้บ,
เลิ้ป,
เลิ้ปมช,
เลียง,
เลียบ,
เลี่ยง,
เลี่ยม,
เลี้ยงข้าว,1
เลี้ยงดู,
เลี้ยงสัตว์,1
เลี้ยงไข้,1
เลี้ยว,
เลี้ยวซ้าย,
เลือกตั้ง,1
เลือกไม่ได้,
เลือด,1
เลือน,
เลื่อง,
เลื่องชื่อ,
เลื่อนนัด,1
เลื้อย,
เลเซอร์,1
เล็ง,
เล็บ,
เล่,
เล่นตัว,1
เล่นหุ้น,1
เล่นไพ่,1
เล่ม,1
เล่ย,
เล่ยผม,
เล่า,
เล้ง,
เล้น,
เล้นท์,
เล้ย,
เล้า,
เล๊ย,
เล๋ย,
เว,
เวค,
เวง,
เวช,
เวณ,
เวท,
เวที,
เวน,
เวฟ,
เวร,
เวล,
เวลา,1
เวลาทำงาน,1
เวลานอน,1
เวลานี้,1
เวลาปิด,1
เวลาว่าง,1
เวลาเปิด,1
เวลาเริ่ม,1
เวลาเรียน,1
เวลาเล่น,1
เวศก,
เวส,
เวสต์,
เวอ,
เวอชั่น,1
เวอร์,
เวิค,
เวิคช้อบ,1
เวิร์ค,
เวิร์ด,
เวิร์ล,
เวิล,
เวิลด์,1
เวิล์ด,
เวียก,
เวียดนาม,1
เวียนหัว,
เวียนเทียน,1
เว็บ,1
เว็บขอ,
เว็ป,
เว่ย,
เว่ยย,
เว่อ,
เว่อร์,
เว้ย,
เว๊น,
เศรษฐศาสตร์,1
เศรษฐศาสตร์มหภาค,1
เศร้า,1
เศ้,
เส,
เสด,
เสด็จ,1
เสน,
เสนอตัว,
เสนอหน้า,
เสพติด,1
เสมหะ,1
เสมอกัน,
เสมอต้นเสมอปลาย,
เสมอมา,
เสริมสวย,1
เสรีภาพ,1
เสร่อ,
เสวย,
เสา,1
เสาธง,1
เสารี,
เสาร์,1
เสิต,
เสิร์ท,
เสียค่าปรับ,1
เสียค่าใช้จ่าย,1
เสียง,1
เสียงกรน,1
เสียงดนตรี,1
เสียงดัง,1
เสียงเคาะ,1
เสียงเพลง,1
เสียจัย,
เสียชีวิต,1
เสียดาย,
เสียตัว,1
เสียทรง,1
เสียที,
เสียน้ำใจ,1
เสียมารยาท,1
เสียศักดิ์ศรี,1
เสียเงิน,1
เสียเที่ยว,1
เสียใจ,
เสี่ย,
เสี่ยง,
เสี่ยว,
เสี้ยง,
เสือ,1
เสือก,
เสื่อ,
เสื้อ,1
เสื้อกล้าม,1
เสื้อกันฝน,1
เสื้อกันหนาว,1
เสื้อช็อป,1
เสื้อผ้า,1
เสื้อยืด,1
เสื้อเชิ้ต,1
เสื้อแขนกุด,1
เสื้อแขนยาว,1
เส็งเคร็ง,
เส็ด,
เส็น,
เส่ะ,
เส้,
เส้ด,
เส้น,1
เส้นตรง,1
เส้นทาง,1
เส้นเลือด,1
เส้า,
เห,
เหงา,
เหงาหงอย,
เหงื่อ,1
เหตุ,1
เหตุการณ์,1
เหตุฉุกเฉิน,1
เหตุผล,1
เหนอะ,
เหนียง,
เหนียว,
เหนียวแน่น,
เหนื่อย,1
เหนื่อยใจ,1
เหน็บ,
เหมา,
เหมาะกับ,
เหมือนก่อน,
เหมือนว่า,
เหมือนเคย,
เหม่อ,
เหม่อลอย,
เหย,
เหยาะ,
เหยิบ,
เหยียด,
เหยียบ,
เหยี่ยว,1
เหยื่อ,
เหรอ,
เหรียญ,1
เหลา,
เหลือขอ,
เหลือง,
เหลือใจ,
เหล็ก,1
เหล็กดัด,1
เหล้า,1
เหวี่ยง,
เหอะ,
เหียะ,
เหี่ยวเฉา,
เหี้ย,1
เห็นคุณค่า,
เห็นด้วย,
เห็นที,
เห็นผล,1
เห็นภาพ,1
เห็นแก่ตัว,
เห็นแย้ง,
เห็นใจ,1
เห็บ,1
เห่,
เห่อ,
เห้,
เห้น,
เห้ย,
เห้อ,
เห้า,
เอ,
เอก,1
เอกมัย,1
เอกสาร,1
เอทีเอ็ม,1
เอฟ,
เอม,
เอย,
เอราวัณ,1
เอว,
เอส,
เออ,
เออะ,
เอะใจ,
เอา,
เอาคืน,
เอาจริง,
เอาชีวิต,
เอาละ,
เอาหน้า,
เอาะ,
เอาเปรียบ,1
เอาเรื่อง,
เอาแต่,
เอาแต่ใจ,1
เอาใจ,1
เอาใจเขามาใส่ใจเรา,
เอิณ,
เอิร์น,
เอิ่ม,
เอียด,
เอียน,
เอี้ย,
เอี้ยว,
เอเชีย,1
เอแบค,
เอ็กซ์,
เอ็น,
เอ็นดู,1
เอ่ย,
เอ่อ,
เอ้,
เอ้ย,
เอ้อ,
เอ้ะ,
เอ้า,
เอ้างง,
เอ้าท์,
เอ้ามึ้ง,
เอ้าะ,
เอ๊,
เอ๊ย,
เอ๊ะ,
เอ๋ย,
เอ๋อ,
เฮ,
เฮงซวย,1
เฮด,1
เฮฮา,
เฮิท,
เฮิร์ท,
เฮีย,
เฮี้ยน,
เฮือก,
เฮ้,
เฮ้ย,
เฮ้อ,
เฮ้าส์,
เี้ย,
เ์,
แก,
แกก็ชอบ,
แกก็มา,
แกก็หาย,
แกน,
แกนะ,
แกรก,
แกรมม่า,1
แกร็บ,
แกลน,
แกล้ง,
แกล้งทำ,
แก็งค์,1
แก็ป,
แก่ตัว,
แก่น,
แก้ตัว,1
แก้บน,1
แก้ผ้า,1
แก้ม,
แก้ว,1
แก้เผ็ด,
แก้ไขปัญหา,
แก๊ก,
แก๊ง,
แก๊ส,1
แข,
แขก,1
แขน,1
แขนขา,1
แขม,
แขวง,1
แขวน,
แขวะ,
แข็งใจ,
แข่ง,
แข้,
แค,
แคนตาลูป,1
แคนาดา,1
แคป,
แคปซูล,1
แคมปัส,1
แครง,
แคระ,
แคร์,
แคลคูลัส,1
แคลเซียม,1
แคว,
แควร์,
แคะ,
แง,
แงะ,
แง่,
แง่ง,
แง่ดี,
แง้,
แง้ว,
แง้ะ,
แจ,
แจก,1
แจบ,
แจม,
แจ็ก,
แจ็ค,
แจ่มใส,1
แจ๊,
แจ๊คเก็ต,1
แจ๊ส,1
แจ๊ะ,
แช,
แชท,
แชมป์,1
แชมพู,1
แชร์,
แช่น้ำ,
แช้ว,
แซ,
แซก,
แซง,
แซงคิว,1
แซด,
แซลมอน,1
แซล็ค,
แซว,
แซะ,
แซ่บ,1
แด,
แดก,1
แดง,1
แดงเข้ม,1
แดด,1
แดดออก,
แดรก,1
แด็ด,
แด่,
แด๊ด,
แด๊ดดี้,
แตงโม,1
แตน,
แตม,
แตมป์,
แตมม,
แตอร์,
แตา,
แต่งกาย,1
แต่งงาน,1
แต่งตัว,1
แต่งหน้า,1
แต่ต้นจนจบ,
แต่บางที,
แต่ยังไง,
แต่ละคน,
แต่ละวัน,
แต่เช้า,
แต้,
แต้ม,
แต๊ะ,
แต๊ะเอีย,1
แถ,
แถบ,
แถม,1
แถว,1
แถวหน้า,1
แทก,
แทค,
แทบจะ,
แทบตาย,
แทะ,
แท็ก,
แท็กซี่,1
แท็ค,
แท็มเล็ต,
แท่ง,
แท้,
แท๊กซี่,1
แท๊กซึ่,
แนค,
แนคขอ,
แนน,
แนพ,
แนว,1
แนวคิด,1
แนวทาง,1
แนวร่วม,1
แนวหน้า,1
แนำ,
แน่วแน่,
แน้,
แน้ม,
แน้ว,
แน้อยจน,
แบ,
แบงค์,1
แบด,
แบดมินตัน,1
แบน,
แบบ,
แบบนี้,
แบบผม,
แบบสอบถาม,1
แบบเรียน,1
แบรนด์,1
แบริ่ง,1
แบล็กลิสต์,1
แบล็กเก็ต,1
แบล็ค,1
แบ้,
แป,
แปซิฟิก,1
แปด,
แปดเปื้อน,
แปบ,
แปรงฟัน,1
แปรงสีฟัน,1
แปรรูป,1
แปลก,
แปลกที่,
แปลกใจ,1
แปลงเพศ,1
แปะ,
แป้ก,
แป้ง,1
แป้งฝุ่น,1
แป้น,
แป้นพิมพ์,1
แป้ป,
แป๊บ,
แป๊ป,
แผน,1
แผนที่,1
แผนผัง,1
แผบ,
แผล,1
แผลเป็น,1
แผ่น,1
แผ่นดิน,1
แผ่นพับ,1
แผ่ว,
แฝด,1
แพ,
แพท,
แพทยศาสตร์,1
แพทย์,1
แพนด้า,1
แพร,1
แพรก,
แพ็ค,1
แพ่ง,
แพ้,
แพ้ทาง,1
แพ้อากาศ,1
แฟกซ์,
แฟก็ห้าม,
แฟชั่น,1
แฟต,1
แฟน,1
แฟนคลับ,1
แฟม,
แฟมิลี่,1
แฟร์,
แฟลช,1
แฟ้ม,1
แม,
แมค,
แมท,
แมทบู,
แมน,
แมนชั่น,1
แมพ,
แมพอิ้ง,
แมม,
แมร่ง,
แมลง,1
แมว,1
แมวน้ำ,1
แมส,
แมะ,
แม็ก,
แม็ค,1
แม่,1
แม่ค้า,1
แม่ธรณี,1
แม่น,
แม่น้ำ,1
แม่บ้าน,1
แม่พระ,1
แม่เหล็ก,1
แม่แก่,1
แม้ะ,
แย,
แยกย้าย,
แยะ,
แยาก,
แยู่,
แย่,
แย่ง,
แย่งชิง,
แย่จัง,
แย่มาก,1
แย้,
แย้ง,
แร,
แรกเกิด,
แรงค์,1
แรงงาน,1
แรงบันดาลใจ,1
แรด,1
แรบบิท,1
แรมปี,
แระ,
แร้ง,
แร้ว,
แล,
แลก,
แลบ,
แล็บ,1
แล่,
แล้,
แล้ง,
แล้วไป,
แล๋ว,
แว,
แวก,
แวกข,
แวบ,
แวร์วูล์ฟ,
แวะ,
แว็กซ์ข,
แว็ค,1
แว่,
แว่น,1
แว่นตา,1
แว้,
แว้บ,
แว๊,
แว๊กขน,1
แว๊บ,
แส,
แสง,1
แสงอาทิตย์,1
แสด,1
แสดงตน,
แสดงตัว,
แสดงว่า,
แสดงอาการ,1
แสตป์,
แสตมป์,1
แสนรู้,
แสนแสบ,1
แสบ,
แห,
แหก,
แหนม,1
แหม,
แหม่,
แหลก,
แหล่,
แหล่ง,
แหวก,
แหวน,
แหวะ,
แหว่ง,
แหะ,
แห่,
แห่งชาติ,
แห้งผาก,
แห้ว,
แอ,
แอด,
แอน,
แอบ,
แอบมอง,
แอบอ้าง,
แอปเปิ้ล,1
แอม,
แอมบาสเดอร์,1
แอร์,
แอร์พอร์ท,1
แอลกอฮอล์,1
แออัด,
แอโรบิค,1
แอ้,
แอ๊บ,
แอ๊ว,
แอ๊ะ,
แฮ,
แฮงค์,
แฮงค์เอ้าท์,1
แฮปปี้,1
แฮม,1
แฮร์รี่,1
แฮะ,
แฮ่,
แฮ้ง,
แฮ๊,
แะ,
แา,
แเ้้เแแ,
โก,
โกง,1
โกน,
โกรธ,1
โกหก,1
โกะ,
โกโก้,1
โข,
โขน,
โค,
โคตร,
โคตะระ,
โคน,
โคมไฟ,1
โครงการ,1
โครงงาน,1
โครงสร้าง,1
โคราช,1
โครเอเชีย,1
โครโมโซม,1
โคล,
โควตา,1
โควต้า,1
โค่,
โค๊นน,
โฆ,
โง่,
โง้ย,
โง้ยยนนยน,
โจทย์,1
โจมตี,
โจร,1
โจี,
โจ้,
โจ๊ก,1
โฉด,
โชค,
โชคดี,
โชน,
โซ,
โซดา,1
โซน,1
โซฟา,1
โซล,1
โซเชียล,1
โซ่,1
โด,
โดด,1
โดดร่ม,1
โดดเดี่ยว,
โดดเดี่ยวเดียวดาย,
โดน,
โดนัท,1
โดม,1
โดยบังเอิญ,
โดยสาร,1
โดร,
โดะ,
โดเรมอน,1
โตน,
โตนด,
โตมา,
โตเกียว,1
โตโยต้า,1
โต้,
โต้รุ่ง,1
โต้ะ,
โต๊ะ,1
โต๊ะอาหาร,1
โถง,1
โถส้วม,1
โท,
โทด,
โทน,
โทร,
โทรม,
โทรศัพท์,1
โทรศัพท์มือถือ,1
โทษ,
โน,
โน่,
โน่น,
โน้ต,
โน้น,
โน๊ต,1
โน๊ตบุ้ค,1
โน๊ตบุ๊ค,1
โน๊ะ,
โบ,
โบก,
โบกมือ,
โบท็อกซ์,1
โบยบิน,
โบราณคดี,1
โบว์,1
โบสถ์,1
โบ้,
โบ๊ท,1
โบ๊เบ๊,
โป,
โปร,1
โปรด,
โปรตีน,1
โปรย,
โปรเจค,1
โปรเจคเตอร์,1
โปรเจ็ค,1
โปรแกรม,1
โปรแกรมคอมพิวเตอร์,1
โปรโมชั่น,1
โปส,
โปสเตอร์,1
โปเก,
โปโล,
โป่ง,
โป้ง,
โป๊,
โป๊ะ,
โป๊ะแตก,1
โผ,
โผล่,
โพ,
โพย,1
โพส,1
โพสต์,1
โฟ,
โฟม,1
โฟร์,1
โฟลค,
โฟล์ค,1
โฟไลด์,
โม,
โมก,
โมง,
โมะ,
โมเมนต์,1
โมโห,1
โม่,
โม๊ค,
โย,
โยคะ,1
โยธา,1
โยน,
โยนทิ้ง,
โย่ง,
โย่ว,
โย่วว,
โร,
โรค,1
โรคกระเพาะ,1
โรคจิต,1
โรคหัวใจ,1
โรง,1
โรงบาล,1
โรงพยาบาล,1
โรงยิม,1
โรงละคร,1
โรงละครแห่งชาติ,1
โรงหนัง,1
โรงอาหาร,1
โรงเรียน,1
โรงเรียนสตรี,1
โรงแรม,1
โรจน์,
โรตี,1
โรแมนติก,
โล,
โลก,1
โลกาภิวัฒน์,
โลจิสติกส์,1
โลชั่น,1
โลตัส,1
โลภ,
โลละ,
โลหะปราสาท,1
โล่ง,
โล้,
โว,
โวย,
โวยวาย,
โว่,
โว้คอัพไลค์,
โว้ย,
โว๊น,
โว๊ย,
โว๊ะ,
โส,
โสด,
โสมนัส,
โห,
โหด,
โหดร้าย,1
โหน,
โหม,
โหมด,
โหย,
โหยหา,
โหล,1
โห่,
โห้ว,
โอ,
โอกาส,1
โอย,
โอรส,
โอลิมปิก,1
โอเค,
โอเรียล,
โอ่,
โอ้ย,
โอ้ะ,
โอ้โห,
โอ๊ต,1
โอ๊ย,
โอ๊ะ,
โอ๋,
โฮ,
โฮก,
โฮจิมินห์,1
โฮม,1
โฮมโปร,1
ใกลม,
ใก้,
ใข้,
ใค,
ใคก้,
ใคน,
ใคพอ,
ใครก็ได้,
ใครคนหนึ่ง,
ใครต่อใคร,
ใคา,
ใค้,
ใง,
ใจ,1
ใจกล้า,
ใจง่าย,
ใจจริง,1
ใจจะขาด,
ใจชื้น,
ใจดี,1
ใจตรงกัน,
ใจถึง,
ใจบุญ,1
ใจฝ่อ,
ใจมา,
ใจรัก,
ใจร้าย,
ใจสั่น,
ใจหาย,
ใจอ่อน,
ใจเดียว,
ใจเต้น,
ใจเบา,
ใจเย็น,
ใจแคบ,
ใจไม่ดี,
ใจ๋,
ใช,
ใช่ปะ,
ใช่ไหม,
ใช้กับ,
ใช้ชีวิต,1
ใช้เวลานาน,
ใช้แล้ว,
ใช้ใบ,
ใช้ไม่ได้,
ใด้,
ใด้เนืิ่อง,
ใด๋,
ใต,
ใต้ดิน,1
ใต้ถุน,1
ในประเทศ,1
ในหลวง,1
ในอนาคต,
ในเวลานี้,
ใบ,1
ใบขับขี่,1
ใบชา,1
ใบตอง,1
ใบพัด,1
ใบรับรอง,1
ใบรับรองแพทย์,1
ใบลา,1
ใบเบิก,1
ใบเสร็จ,1
ใบ้,
ใม,
ใย,
ใว้,
ใส่รหัส,
ใส่ใจ,
ใส้,
ให,
ใหญ,
ใหน,
ใหนคน,
ใหม,
ใหย่,
ให้การ,
ให้กำลังใจ,1
ให้กำเนิด,1
ให้คะแนน,
ให้นม,1
ให้ยืม,1
ให้สัญญาณ,
ให้อภัย,
ให้อาหาร,1
ให้เงิน,1
ให้เช่า,1
ให้เหตุผล,
ให้โอกาส,
ไ,
ไก,
ไกด์,1
ไกปืน,1
ไก่,1
ไก่ตอน,1
ไก่ทอด,1
ไก่ย่าง,1
ไก้,
ไขมัน,1
ไขว้,
ไข่,1
ไข่มุก,1
ไข่เจียว,1
ไข้,
ไข้ใจ,
ไฃ,
ไค,
ไง้,
ไง๊,
ไจ,
ไช,
ไชย,
ไช่,
ไซ,
ไซบีเรีย,1
ไซส์,1
ไซ่,
ไดร์,1
ไดโนเสาร์,1
ได่,
ได้กลิ่น,1
ได้ขนาด,
ได้ข่าว,1
ได้คืน,
ได้ดิบได้ดี,
ได้ดี,
ได้ที,
ได้ที่,
ได้ยิน,
ได้ราคา,
ได้รูป,
ได้เงิน,1
ได้เวลา,
ได้ใจ,1
ไต,1
ไตร,
ไตร่ตรอง,
ไถ,
ไท,
ไทม์,1
ไทย,1
ไทร,
ไทเกอร์,1
ไทเทเนียม,1
ไท้,
ไน,
ไบ,
ไบค์,1
ไบร์ทนอ,
ไบออท,1
ไบเทค,1
ไบเบิล,1
ไบโอ,1
ไปดู,
ไปมา,
ไปรษณีย์,1
ไปเที่ยว,
ไปเป็นเพื่อน,
ไป๊,
ไผ,
ไผ่,1
ไฝ,
ไพ,
ไพร,
ไฟ,1
ไฟฉาย,1
ไฟฟ้า,1
ไฟล์,1
ไฟหน้า,1
ไฟแดง,1
ไฟแนนซ์,1
ไฟแรง,1
ไฟไหม้,1
ไม,
ไมค์,1
ไมตรี,
ไมพอ,
ไมม,
ไมเกรน,1
ไมเคิล,
ไมโคร,
ไมโครเวฟ,1
ไมโล,1
ไม่กระตือรือร้น,
ไม่กล้า,
ไม่คู่ควร,
ไม่งั้น,
ไม่จริงใจ,
ไม่จำเป็น,
ไม่ชัด,
ไม่ต้อง,
ไม่ต้องการ,
ไม่ทราบ,
ไม่ทัน,
ไม่ทันเวลา,
ไม่ทำงาน,
ไม่ธรรมดา,
ไม่นาน,
ไม่น่า,
ไม่น่ารัก,
ไม่น้อย,
ไม่บ่อย,
ไม่ปลอดภัย,
ไม่พอ,
ไม่พอใจ,
ไม่พูดถึง,
ไม่มีปัญหา,
ไม่มีวัน,
ไม่มีสติ,
ไม่มีหัว,
ไม่มีเวลา,
ไม่มีเหตุผล,
ไม่มีแรง,
ไม่มีใคร,
ไม่ยอม,
ไม่ยอมรับ,
ไม่ยาก,
ไม่รอด,
ไม่รู้,
ไม่ลืม,
ไม่ว่าง,
ไม่สน,
ไม่สบาย,
ไม่สบายใจ,
ไม่สมควร,
ไม่สำคัญ,
ไม่สุภาพ,
ไม่อยู่,
ไม่อร่อย,1
ไม่อั้น,
ไม่เกี่ยว,
ไม่เก่ง,
ไม่เข้าใครออกใคร,
ไม่เข้าใจ,
ไม่เคย,
ไม่เชื่อ,
ไม่เชื่อใจ,
ไม่เปิดเผย,
ไม่เป็นใจ,
ไม่เป็นไร,
ไม่เลย,
ไม่เสร็จ,
ไม่เหมาะสม,
ไม่เห็นค่า,
ไม่เอา,
ไม่แคร์,
ไม่แน่,
ไม่แน่ใจ,
ไม่ใช่เล่น,
ไม่ใส่ใจ,
ไม่ได้ตั้งใจ,
ไม่ไว้ใจ,
ไม่ไหว,
ไม้,1
ไม้กวาด,1
ไม้จันทน์,1
ไม้บรรทัด,1
ไม๊,
ไย,
ไร,
ไร้ค่า,
ไร้จุดหมาย,
ไร้สาย,
ไร้สาระ,1
ไร๊,
ไล,
ไลค์,1
ไลน๋เบย,
ไลน์,1
ไลฟ์ลง,
ไลฟ์สไตล์,1
ไลเนอร์,
ไล่ตาม,
ไล่น้ำ,
ไล่ออก,1
ไวน์,1
ไวไฟ,1
ไส,
ไส้,1
ไส้กรอก,1
ไห,1
ไหนล่ะ,
ไหนว่า,
ไหนว่าจะ,
ไหม,
ไหล่,
ไหว,
ไหวตัว,
ไหว้,1
ไหว้พระ,1
ไห้,
ไอ,
ไอคิว,1
ไอซ์แลนด์,1
ไอดอล,1
ไอตัว,
ไอติม,1
ไอที,1
ไอศกรีม,1
ไอส์แลนด์,1
ไอเดีย,1
ไอโฟน,1
ไอ่,
ไอ้,
ไอ้บ้า,
ไฮ,1\
ไฮเปอร์,1
ไฮโซ,1
ไฮไลต์,1
ไีร,
ไเ้,
ไ้,
ไ้ด้,
่,
่า,
่าน,
้,
์,
์ก,
์ค,
์ณ,
์ท,
์ป,
์ปคน,
์ฟ,
์มธ,
์ย,
์อฟ,
์เฟส,
4,
5,
9,